-- MySQL dump 10.13  Distrib 5.5.54, for debian-linux-gnu (x86_64)
--
-- Host: localhost    Database: kora
-- ------------------------------------------------------
-- Server version	5.5.54-0ubuntu0.14.04.1

/*!40101 SET @OLD_CHARACTER_SET_CLIENT=@@CHARACTER_SET_CLIENT */;
/*!40101 SET @OLD_CHARACTER_SET_RESULTS=@@CHARACTER_SET_RESULTS */;
/*!40101 SET @OLD_COLLATION_CONNECTION=@@COLLATION_CONNECTION */;
/*!40101 SET NAMES utf8 */;
/*!40103 SET @OLD_TIME_ZONE=@@TIME_ZONE */;
/*!40103 SET TIME_ZONE='+00:00' */;
/*!40014 SET @OLD_UNIQUE_CHECKS=@@UNIQUE_CHECKS, UNIQUE_CHECKS=0 */;
/*!40014 SET @OLD_FOREIGN_KEY_CHECKS=@@FOREIGN_KEY_CHECKS, FOREIGN_KEY_CHECKS=0 */;
/*!40101 SET @OLD_SQL_MODE=@@SQL_MODE, SQL_MODE='NO_AUTO_VALUE_ON_ZERO' */;
/*!40111 SET @OLD_SQL_NOTES=@@SQL_NOTES, SQL_NOTES=0 */;

--
-- Table structure for table `ads`
--

DROP TABLE IF EXISTS `ads`;
/*!40101 SET @saved_cs_client     = @@character_set_client */;
/*!40101 SET character_set_client = utf8 */;
CREATE TABLE `ads` (
  `id` int(10) unsigned NOT NULL AUTO_INCREMENT,
  `user_id` int(11) NOT NULL,
  `cat_id` int(11) NOT NULL,
  `subcat_id` int(11) NOT NULL,
  `title` varchar(255) COLLATE utf8_unicode_ci NOT NULL,
  `city` varchar(255) COLLATE utf8_unicode_ci NOT NULL,
  `lat` decimal(9,6) DEFAULT NULL,
  `long` decimal(9,6) DEFAULT NULL,
  `description` text COLLATE utf8_unicode_ci NOT NULL,
  `file_srcs` text COLLATE utf8_unicode_ci,
  `views` int(11) DEFAULT NULL,
  `status` tinyint(4) DEFAULT NULL,
  `deleted_at` timestamp NULL DEFAULT NULL,
  `created_at` timestamp NOT NULL DEFAULT '0000-00-00 00:00:00',
  `updated_at` timestamp NOT NULL DEFAULT '0000-00-00 00:00:00',
  `lng` decimal(9,6) DEFAULT NULL,
  `htag` varchar(255) COLLATE utf8_unicode_ci DEFAULT NULL,
  PRIMARY KEY (`id`)
) ENGINE=InnoDB AUTO_INCREMENT=255 DEFAULT CHARSET=utf8 COLLATE=utf8_unicode_ci;
/*!40101 SET character_set_client = @saved_cs_client */;

--
-- Dumping data for table `ads`
--

LOCK TABLES `ads` WRITE;
/*!40000 ALTER TABLE `ads` DISABLE KEYS */;
INSERT INTO `ads` VALUES (7,5,4,0,'Namsan tower','3',36.959575,NULL,'\"#Namsantower #\\ub0a8\\uc0b0\\ud0c0\\uc6cc #\\ub0a8\\uc0b0\\ucf00\\uc774\\ube14\\uce74 #cablecar #seoultour #traveling #trip\\r\\nNice view!\\r\\n\\r\\nCome over for sightseeing. Great view and good for the family and couple to walk to Nam Mt.\"','{\"0\":{\"image\":{\"name\":\"04xit_1483405383.jpeg\"}},\"1\":{\"image\":{\"name\":\"G7gez_1483405392.jpeg\"}},\"2\":{\"image\":{\"name\":\"eDBPu_1483405392.jpeg\"}},\"3\":{\"image\":{\"name\":\"9518P_1483405421.jpeg\"}},\"4\":{\"image\":{\"name\":\"335g4_1483405428.jpeg\"}},\"5\":{\"image\":{\"name\":\"bW170_1483405432.jpeg\"}},\"6\":{\"image\":{\"name\":\"pw8uC_1483405437.jpeg\"}},\"8\":{\"image\":{\"name\":\"zfJw3_1483405438.jpeg\"}}}',NULL,1,NULL,'2017-01-03 06:04:02','2017-03-07 04:44:47',127.045107,'a:7:{i:0;s:12:\"#Namsantower\";i:1;s:13:\"#남산타워\";i:2;s:19:\"#남산케이블카\";i:3;s:9:\"#cablecar\";i:4;s:10:\"#seoultour\";i:5;s:10:\"#traveling\";i:6;s:5:\"#trip\";}'),(9,5,3,0,'Paul Bassett ','3',37.560388,NULL,'\"Best  coffee ever!!!!!\"','{\"1\":{\"image\":{\"name\":\"Hzzpj_1483426253.jpeg\"}},\"3\":{\"image\":{\"name\":\"Ze2fk_1483426253.jpeg\"}},\"5\":{\"image\":{\"name\":\"R5poo_1483426253.jpeg\"}}}',NULL,1,NULL,'2017-01-03 11:50:58','2017-01-07 07:17:11',126.980307,NULL),(10,5,5,0,'Namsan Katsu (pork cutlet )','3',37.557019,NULL,'\"After Namsan tower tour. It is really great to try it out!\\r\\n#namsan #food #restaurant #cutlet #\\ub0a8\\uc0b0\\ub3c8\\uae4c\\uc2a4#\\ub3c8\\uae4c\\uc2a4#\\ub0a8\\uc0b0 #\\uba39\\uc790 \"','{\"1\":{\"image\":{\"name\":\"zcocD_1483436983.jpeg\"}},\"2\":{\"image\":{\"name\":\"79mSp_1483436983.jpeg\"}}}',NULL,1,NULL,'2017-01-03 14:49:45','2017-03-03 13:54:43',126.985876,'a:8:{i:0;s:7:\"#namsan\";i:1;s:5:\"#food\";i:2;s:11:\"#restaurant\";i:3;s:7:\"#cutlet\";i:4;s:16:\"#남산돈까스\";i:5;s:10:\"#돈까스\";i:6;s:7:\"#남산\";i:7;s:7:\"#먹자\";}'),(12,8,1,0,'Iphone','1',35.145260,NULL,'\"Iphone\"','[{\"image\":{\"name\":\"RwGYs_1483588880.jpeg\"}},{\"image\":{\"name\":\"5iGzZ_1483588880.jpeg\"}}]',NULL,1,NULL,'2017-01-05 04:01:31','2017-01-05 04:01:31',128.656615,NULL),(13,5,3,0,'Starbucks Coffee (Gohyun) 고현점','10',34.890812,NULL,'\"Whenever you visit Geoje Island please come check it out this Coffee shop.\\r\\n\\r\\n#Starbucks #starbucks #coffee #coffeeshop #americano #\\uc544\\uba54\\ub9ac\\uce74\\ub178 #\\ucee4\\ud53c #\\uc2a4\\ud0c0\\ubc85\\uc2a4 #\\uac70\\uc81c\\ub3c4\"','[{\"image\":{\"name\":\"b1wYI_1483618932.jpeg\"}},{\"image\":{\"name\":\"5jC2R_1483618932.jpeg\"}},{\"image\":{\"name\":\"JppS1_1483618933.jpeg\"}},{\"image\":{\"name\":\"xV6jB_1483618933.jpeg\"}},{\"image\":{\"name\":\"a3VGN_1483618934.jpeg\"}},{\"image\":{\"name\":\"9svM6_1483618934.jpeg\"}},{\"image\":{\"name\":\"F3KQT_1483618934.jpeg\"}},{\"image\":{\"name\":\"agxUG_1483618934.jpeg\"}},{\"image\":{\"name\":\"OHNjC_1483618935.jpeg\"}},{\"image\":{\"name\":\"xvmno_1483618935.jpeg\"}},{\"image\":{\"name\":\"PTkmH_1483618935.jpeg\"}},{\"image\":{\"name\":\"ewKZC_1483618935.jpeg\"}}]',NULL,1,NULL,'2017-01-05 12:22:21','2017-03-03 12:33:09',128.621887,'a:9:{i:0;s:10:\"#Starbucks\";i:1;s:10:\"#starbucks\";i:2;s:7:\"#coffee\";i:3;s:11:\"#coffeeshop\";i:4;s:10:\"#americano\";i:5;s:16:\"#아메리카노\";i:6;s:7:\"#커피\";i:7;s:13:\"#스타벅스\";i:8;s:10:\"#거제도\";}'),(14,5,1,0,'Dublin Square','10',34.890482,NULL,'\"Best bar ever! in Geoje.\\r\\n#bar #cocktailbar #\\ubc14 #\\uce75\\ud14c\\uc77c\\ubc14 #\\uae30\\ub124\\uc2a4 #\\ub354\\ube14\\ub9b0 #Dublinsquare #\\uc220\\uc9d1 #\\uac70\\uc81c\\ub180\\uacf3 #beer #liquor \"','{\"0\":{\"image\":{\"name\":\"M0eyp_1483705791.jpeg\"}},\"2\":{\"image\":{\"name\":\"XNTdR_1483705791.jpeg\"}},\"3\":{\"image\":{\"name\":\"zAfTg_1483705791.jpeg\"}},\"4\":{\"image\":{\"name\":\"BbZDa_1483705791.jpeg\"}}}',NULL,1,NULL,'2017-01-06 12:30:06','2017-03-03 12:36:47',128.623649,'a:11:{i:0;s:4:\"#bar\";i:1;s:12:\"#cocktailbar\";i:2;s:4:\"#바\";i:3;s:13:\"#칵테일바\";i:4;s:10:\"#기네스\";i:5;s:10:\"#더블린\";i:6;s:13:\"#Dublinsquare\";i:7;s:7:\"#술집\";i:8;s:13:\"#거제놀곳\";i:9;s:5:\"#beer\";i:10;s:7:\"#liquor\";}'),(15,5,5,0,'SINSEGYE MALL IN HAEUNDAE','11',35.168818,NULL,'\"Food court is so big and looks like luxury.\\r\\nWhen you come over to Haeundae area should visit here.\\r\\n#food #foodcourt #haeundae #shinsegyemall #\\uc2e0\\uc138\\uacc4\\ubc31\\ud654\\uc810 #\\ud478\\ub4dc\\ucf54\\ud2b8 \"','[{\"image\":{\"name\":\"AGurb_1483762935.jpeg\"}},{\"image\":{\"name\":\"ThVRX_1483762935.jpeg\"}},{\"image\":{\"name\":\"L0QGw_1483762935.jpeg\"}},{\"image\":{\"name\":\"ikx60_1483762935.jpeg\"}}]',NULL,1,NULL,'2017-01-07 04:22:19','2017-03-02 09:54:24',129.129936,'a:6:{i:0;s:5:\"#food\";i:1;s:10:\"#foodcourt\";i:2;s:9:\"#haeundae\";i:3;s:14:\"#shinsegyemall\";i:4;s:19:\"#신세계백화점\";i:5;s:13:\"#푸드코트\";}'),(16,5,4,0,'Lotte mall MVG crown','11',35.169130,NULL,'\"MVG Crown . \\r\\n#lottemall #mall #\\ub86f\\ub370\\ubc31\\ud654\\uc810 #\\ud574\\uc6b4\\ub300 #\\uc13c\\ud140\\uc2dc\\ud2f0 #\\uc5e0\\ube44\\uc9c0\\ud06c\\ub77c\\uc6b4 #mvgcrown \"','[{\"image\":{\"name\":\"sJXee_1483771116.jpeg\"}},{\"image\":{\"name\":\"peapk_1483771116.jpeg\"}},{\"image\":{\"name\":\"nkHje_1483771116.jpeg\"}}]',NULL,1,NULL,'2017-01-07 06:38:38','2017-03-03 13:53:12',129.131987,'a:7:{i:0;s:10:\"#lottemall\";i:1;s:5:\"#mall\";i:2;s:16:\"#롯데백화점\";i:3;s:10:\"#해운대\";i:4;s:13:\"#센텀시티\";i:5;s:19:\"#엠비지크라운\";i:6;s:9:\"#mvgcrown\";}'),(17,5,3,0,'Coffee Bean coffee shop','11',35.114935,NULL,'\"There is great coffee espresso in Coffee Bean coffee shop in Busan train station.\\r\\n#Busanstation #trainstation #train #coffeeshop #coffee bean #Busan \"','[{\"image\":{\"name\":\"DAiny_1483843498.jpeg\"}},{\"image\":{\"name\":\"7glyX_1483843499.jpeg\"}},{\"image\":{\"name\":\"6dOd9_1483843499.jpeg\"}},{\"image\":{\"name\":\"WDist_1483843602.jpeg\"}}]',NULL,1,NULL,'2017-01-08 02:45:05','2017-03-02 09:55:39',129.041456,'a:6:{i:0;s:13:\"#Busanstation\";i:1;s:13:\"#trainstation\";i:2;s:6:\"#train\";i:3;s:11:\"#coffeeshop\";i:4;s:7:\"#coffee\";i:5;s:6:\"#Busan\";}'),(18,5,3,0,'HOLLYS COFFEE SHOP','2',36.993109,NULL,'\"Variety seletion for dessert and coffee. Big size of space too. 1st 2nd floor available.\\ud83d\\ude06\\r\\n#coffeeshop #coffee #hollyscoffee #americano #\\ud3c9\\ud0dd #\\uc544\\uba54\\ub9ac\\uce74\\ub178 #\\ucee4\\ud53c\\uc20d #\\uc544\\uba54\\ub9ac\\uce74\\ub178 #\\ud3c9\\ud0dd\"','[{\"image\":{\"name\":\"M17a8_1483867676.jpeg\"}},{\"image\":{\"name\":\"VToVs_1483867680.jpeg\"}},{\"image\":{\"name\":\"Yldcn_1483867680.jpeg\"}},{\"image\":{\"name\":\"uxfQV_1483867680.jpeg\"}},{\"image\":{\"name\":\"EHYr8_1483867680.jpeg\"}}]',NULL,1,NULL,'2017-01-08 09:28:03','2017-03-03 13:56:38',127.087024,'a:9:{i:0;s:11:\"#coffeeshop\";i:1;s:7:\"#coffee\";i:2;s:13:\"#hollyscoffee\";i:3;s:10:\"#americano\";i:4;s:7:\"#평택\";i:5;s:16:\"#아메리카노\";i:6;s:10:\"#커피숍\";i:7;s:16:\"#아메리카노\";i:8;s:7:\"#평택\";}'),(27,5,3,0,'Starbucks Coffee shop','2',36.991710,NULL,'\"Like a usual Starbucks coffee shop in Pyeongtaek downtown\"','[{\"image\":{\"name\":\"rPiWo_1484356220.jpeg\"}},{\"image\":{\"name\":\"RUnmQ_1484356220.jpeg\"}},{\"image\":{\"name\":\"hFz33_1484356221.jpeg\"}},{\"image\":{\"name\":\"KBCLk_1484356221.jpeg\"}},{\"image\":{\"name\":\"mdvSw_1484356221.jpeg\"}}]',NULL,1,NULL,'2017-01-14 01:10:24','2017-01-14 01:10:24',127.088511,NULL),(28,5,3,0,'Starbucks in Pyeongtaek  ','1',36.991980,NULL,'\"#coffeeshop #coffee #Starbucks #pyeongtaek #\\uc2a4\\ud0c0\\ubc85\\uc2a4 #\\ucee4\\ud53c #Americano #\\uc544\\uba54\\ub9ac\\uce74\\ub178 \"','[{\"image\":{\"name\":\"z5d15_1484361245.jpeg\"}},{\"image\":{\"name\":\"3VgRD_1484361245.jpeg\"}},{\"image\":{\"name\":\"LLAtl_1484361245.jpeg\"}},{\"image\":{\"name\":\"VwlDw_1484361245.jpeg\"}},{\"image\":{\"name\":\"PUD6u_1484361245.jpeg\"}}]',NULL,1,NULL,'2017-01-14 02:34:10','2017-03-07 04:44:14',127.088533,'a:8:{i:0;s:11:\"#coffeeshop\";i:1;s:7:\"#coffee\";i:2;s:10:\"#Starbucks\";i:3;s:11:\"#pyeongtaek\";i:4;s:13:\"#스타벅스\";i:5;s:7:\"#커피\";i:6;s:10:\"#Americano\";i:7;s:16:\"#아메리카노\";}'),(59,5,3,0,'Twosome place coffee shop and dessert ','1',36.960645,NULL,'\"Nice coffee and dessert. Awesome services you gotta try it out for sure!\\r\\n#twosomeplace #dessert #dessertshop #americano #latte #camphumphreys \"','[{\"image\":{\"name\":\"7QlXi_1485407450.jpeg\"}},{\"image\":{\"name\":\"HEiqt_1487302296.jpeg\"}},{\"image\":{\"name\":\"TSNNe_1487302300.jpeg\"}},{\"image\":{\"name\":\"cqe7L_1487302305.jpeg\"}}]',NULL,1,NULL,'2017-01-26 05:10:55','2017-03-03 12:27:01',127.058440,'a:6:{i:0;s:13:\"#twosomeplace\";i:1;s:8:\"#dessert\";i:2;s:12:\"#dessertshop\";i:3;s:10:\"#americano\";i:4;s:6:\"#latte\";i:5;s:14:\"#camphumphreys\";}'),(65,39,1,0,'Cadilac Club ','1',36.960368,NULL,'\"This is best spot for dancing and listen to music which hiphop or any music style.\\r\\nCome over to check it out.\"','[{\"image\":{\"name\":\"DrqcK_1486653786.jpeg\"}},{\"image\":{\"name\":\"hHBuL_1486653786.jpeg\"}},{\"image\":{\"name\":\"Uckyq_1486653786.jpeg\"}},{\"image\":{\"name\":\"LBhrx_1486653786.jpeg\"}},{\"image\":{\"name\":\"DUyXO_1486653787.jpeg\"}},{\"image\":{\"name\":\"tZtaV_1486653787.jpeg\"}},{\"image\":{\"name\":\"m36EE_1486653787.jpeg\"}}]',NULL,1,NULL,'2017-02-09 15:23:11','2017-02-09 15:23:11',127.044929,NULL),(70,5,4,0,'Michelle nail shop','1',36.958906,NULL,'\"Manicure. Pedicure. Eyelash .Wax\\r\\nMichelle has great experience for nail art for 17 years.\\r\\nCome over here to get the great services and hospitality.\\r\\n\\r\\nPhone 031.652.6688\\r\\nhttp:\\/\\/michelle nail.wdw.kr\\/\"','[{\"image\":{\"name\":\"CtEsD_1486958645.jpeg\"}},{\"image\":{\"name\":\"IQStR_1486958647.jpeg\"}},{\"image\":{\"name\":\"RyXQW_1486958648.jpeg\"}},{\"image\":{\"name\":\"Gp9Yh_1486958650.jpeg\"}},{\"image\":{\"name\":\"0qdeo_1486958649.jpeg\"}},{\"image\":{\"name\":\"liSRB_1486958661.jpeg\"}},{\"image\":{\"name\":\"d0jKR_1486958664.jpeg\"}},{\"image\":{\"name\":\"jjMf3_1486958667.jpeg\"}}]',NULL,1,NULL,'2017-02-13 04:04:44','2017-02-13 04:04:44',127.045611,NULL),(71,5,14,0,'119 Real Estate','1',36.959196,NULL,'\"119 Real Estate has a lot of housing list near by Camp Humphreys. If you guys need more info please contact below number\"','[{\"image\":{\"name\":\"25PIC_1486962086.jpeg\"}},{\"image\":{\"name\":\"y6jVW_1486962087.jpeg\"}},{\"image\":{\"name\":\"thNXR_1486962087.jpeg\"}},{\"image\":{\"name\":\"4prmQ_1486962088.jpeg\"}},{\"image\":{\"name\":\"vPSBE_1486962088.jpeg\"}},{\"image\":{\"name\":\"nIPeS_1486962089.jpeg\"}},{\"image\":{\"name\":\"s5pmV_1486962089.jpeg\"}}]',NULL,1,NULL,'2017-02-13 05:03:07','2017-02-13 05:03:07',127.045611,NULL),(74,41,1,0,'AR bar','1',36.959391,NULL,'\"Beautiful girls works in here!!!!!\"','[{\"image\":{\"name\":\"lyqP1_1486989600.jpeg\"}},{\"image\":{\"name\":\"p5piR_1486989600.jpeg\"}},{\"image\":{\"name\":\"Q4GXx_1486989602.jpeg\"}},{\"image\":{\"name\":\"cJAQ5_1486989604.jpeg\"}},{\"image\":{\"name\":\"YJJL4_1486989604.jpeg\"}}]',NULL,1,NULL,'2017-02-13 12:40:09','2017-02-13 12:40:09',127.045275,NULL),(75,5,15,0,'Hanaro (NH) Mart 하나로 마트','1',36.959391,NULL,'\"Nah Hanaro Mart has variety item they handle it.\\r\\nCome over to check it out if you want to buy fresh veggies ,fruits and some stuff !\\r\\n#supermarket\"','[{\"image\":{\"name\":\"d6EVz_1487044862.jpeg\"}},{\"image\":{\"name\":\"VwSIs_1487044862.jpeg\"}},{\"image\":{\"name\":\"xRF1W_1487044867.jpeg\"}},{\"image\":{\"name\":\"Hc6pF_1487044868.jpeg\"}},{\"image\":{\"name\":\"T9u9g_1487044869.jpeg\"}},{\"image\":{\"name\":\"7x2lX_1487044870.jpeg\"}},{\"image\":{\"name\":\"X331W_1487044871.jpeg\"}},{\"image\":{\"name\":\"wtFx6_1487044874.jpeg\"}},{\"image\":{\"name\":\"wjQbc_1487044875.jpeg\"}},{\"image\":{\"name\":\"ERioM_1487044877.jpeg\"}}]',NULL,1,NULL,'2017-02-14 04:01:23','2017-04-02 10:14:46',127.045275,'a:1:{i:0;s:12:\"#supermarket\";}'),(77,42,2,0,'Used car sales n purchase ','1',37.043294,NULL,'\"Chang,s used  car\"','[{\"image\":{\"name\":\"DVevN_1487134646.jpeg\"}},{\"image\":{\"name\":\"A3N4X_1487135287.jpeg\"}},{\"image\":{\"name\":\"i47Ys_1487135300.jpeg\"}},{\"image\":{\"name\":\"Zs9vd_1487135311.jpeg\"}}]',NULL,1,NULL,'2017-02-15 04:57:31','2017-02-15 05:08:36',127.110098,NULL),(101,39,17,0,'Jije station for SRT','1',37.018406,NULL,'\"This is the one of the fastet train in Korea.The train take you to the Seoul Busan Mokpo and some station KTX didn\'t going. Try it out it is so convenient.\"','[{\"image\":{\"name\":\"3ltxr_1487758114.jpeg\"}},{\"image\":{\"name\":\"yZjpR_1487758115.jpeg\"}},{\"image\":{\"name\":\"drRHI_1487758116.jpeg\"}},{\"image\":{\"name\":\"Exhut_1487758118.jpeg\"}}]',NULL,1,NULL,'2017-02-22 10:09:14','2017-02-22 10:09:14',127.069947,NULL),(102,39,3,0,'HOLLYS COFFEE in Gwanganri beach','1',35.149253,NULL,'\"Here is nice coffee shop to see the front beach area.\\r\\nNice coffee and dessert and view!\\r\\nPhone 051-752-0777\\r\\nBusiness hour 24hour!!!! 7days!\"','[{\"image\":{\"name\":\"eytMJ_1487776002.jpeg\"}},{\"image\":{\"name\":\"4D8sO_1487776002.jpeg\"}},{\"image\":{\"name\":\"a6R3w_1487776003.jpeg\"}},{\"image\":{\"name\":\"1yuZx_1487776003.jpeg\"}},{\"image\":{\"name\":\"IjLcS_1487776003.jpeg\"}},{\"image\":{\"name\":\"KcCoc_1487776004.jpeg\"}},{\"image\":{\"name\":\"TeOF0_1487776006.jpeg\"}},{\"image\":{\"name\":\"Tu59v_1487776006.jpeg\"}}]',NULL,1,NULL,'2017-02-22 15:06:50','2017-02-22 15:06:50',129.115124,NULL),(103,5,3,0,'Starbucks Coffee ','1',35.098376,NULL,'\"Locate at Nampo subway station.\\r\\nNear by Litter Mall.\\r\\n#Starbucks #coffeeshop #coffee #nampodong #\\uc2a4\\ud0c0\\ubc85\\uc2a4 #\\ub0a8\\ud3ec\\ub3d9 #\\ub0a8\\ud3ec\\uc5ed\"','[{\"image\":{\"name\":\"GjDvm_1487816425.jpeg\"}},{\"image\":{\"name\":\"Eu1Dv_1487816425.jpeg\"}},{\"image\":{\"name\":\"ptUQN_1487816426.jpeg\"}}]',NULL,1,NULL,'2017-02-23 02:20:34','2017-03-02 10:12:02',129.035212,'a:7:{i:0;s:10:\"#Starbucks\";i:1;s:11:\"#coffeeshop\";i:2;s:7:\"#coffee\";i:3;s:10:\"#nampodong\";i:4;s:13:\"#스타벅스\";i:5;s:10:\"#남포동\";i:6;s:10:\"#남포역\";}'),(135,5,5,0,'Starbucks coffee','1',34.890824,NULL,'\"#starbucks #\\u3059\\u305f\\u3076\\u304f\\u3059#coffee  #\\u3053\\u3072\"','[{\"image\":{\"name\":\"HZQAd_1488353354.jpeg\"}},{\"image\":{\"name\":\"A853k_1488353355.jpeg\"}},{\"image\":{\"name\":\"HMqoQ_1488353356.jpeg\"}},{\"image\":{\"name\":\"hYeaD_1488353356.jpeg\"}}]',NULL,1,NULL,'2017-03-01 07:30:46','2017-03-01 07:30:46',128.622051,'a:4:{i:0;s:10:\"#starbucks\";i:1;s:16:\"#すたぶくす\";i:2;s:7:\"#coffee\";i:3;s:7:\"#こひ\";}'),(137,5,3,0,'Starbucks Coffee in Songdo beach(스타벅스)','1',35.076070,NULL,'\"#starbucks #Starbucks  #coffee #coffeeshop #\\uc2a4\\ud0c0\\ubc85\\uc2a4 #\\ucee4\\ud53c\\uc20d #\\uc544\\uba54\\ub9ac\\uce74\\ub178 #\\uc1a1\\ub3c4\\ud574\\uc218\\uc695\\uc7a5 #\\uc1a1\\ub3c4 #\\ub77c\\ub5bc\\r\\nNice view and cozy. When you swing by Songdo beach in Busan I perfer to come visit to the Starbucks. \"','[{\"image\":{\"name\":\"253Al_1488448163.jpeg\"}},{\"image\":{\"name\":\"815vp_1488448163.jpeg\"}},{\"image\":{\"name\":\"eYq7b_1488448163.jpeg\"}}]',NULL,1,NULL,'2017-03-02 09:51:06','2017-03-02 09:51:06',129.016722,'a:10:{i:0;s:10:\"#starbucks\";i:1;s:10:\"#Starbucks\";i:2;s:7:\"#coffee\";i:3;s:11:\"#coffeeshop\";i:4;s:13:\"#스타벅스\";i:5;s:10:\"#커피숍\";i:6;s:16:\"#아메리카노\";i:7;s:19:\"#송도해수욕장\";i:8;s:7:\"#송도\";i:9;s:7:\"#라떼\";}'),(139,5,1,0,'Takara izakaya','1',47.795380,NULL,'\"This is one of the great JApanese  cuisine\\r\\n#Japanesefood #Tamara #\\uc120\\uc220\\uc9d1 #\\ub0a8\\ud3ec\\ub3d9 #\\ub2ed\\uac00\\ub77c\\uc544\\uac8c\\r\\n#\\uc774\\uc790\\uae4c\\uc57c\"','[{\"image\":{\"name\":\"pCRkS_1488462922.jpeg\"}}]',NULL,1,NULL,'2017-03-02 13:55:33','2017-03-02 13:55:33',-122.313538,'a:6:{i:0;s:13:\"#Japanesefood\";i:1;s:7:\"#Tamara\";i:2;s:10:\"#선술집\";i:3;s:10:\"#남포동\";i:4;s:16:\"#닭가라아게\";i:5;s:13:\"#이자까야\";}'),(141,44,1,0,'Resturant ','1',47.795380,NULL,'\"#resturant #korean food # \\uc21c\\ub450\\ubd80 #tofu\"','[{\"image\":{\"name\":\"xTZLK_1488522195.jpeg\"}},{\"image\":{\"name\":\"uE6VQ_1488522198.jpeg\"}},{\"image\":{\"name\":\"bOTLv_1488522198.jpeg\"}},{\"image\":{\"name\":\"IyzW1_1488522199.jpeg\"}},{\"image\":{\"name\":\"2liEC_1488522204.jpeg\"}},{\"image\":{\"name\":\"siSRA_1488522206.jpeg\"}},{\"image\":{\"name\":\"mapHA_1488522209.jpeg\"}},{\"image\":{\"name\":\"5NX00_1488522210.jpeg\"}},{\"image\":{\"name\":\"LQr93_1488522210.jpeg\"}},{\"image\":{\"name\":\"3Jias_1488522212.jpeg\"}}]',NULL,1,NULL,'2017-03-03 06:23:34','2017-03-03 06:23:34',-122.313538,'a:3:{i:0;s:10:\"#resturant\";i:1;s:7:\"#korean\";i:2;s:5:\"#tofu\";}'),(142,5,1,0,'Songdo Haesupia (해수피아 찜질방)','1',35.082165,NULL,'\"This is one of the nice sauna and jjimjilbang place in Songdo beach area.\\r\\nYou can stay over night as well!\\r\\n#\\ud574\\uc218\\ud53c\\uc544 #\\uc1a1\\ub3c4\\ud574\\uc218\\uc695\\uc7a5 #songdobeach #sauna #\\ucc1c\\uc9c8\\ubc29 #\\ubaa9\\uc695\\ud0d5 #cheaploadging \"','[{\"image\":{\"name\":\"hSZf1_1488543601.jpeg\"}},{\"image\":{\"name\":\"51Vns_1488543608.jpeg\"}},{\"image\":{\"name\":\"13JZq_1488543608.jpeg\"}},{\"image\":{\"name\":\"Cq9OV_1488543610.jpeg\"}},{\"image\":{\"name\":\"t8dFJ_1488543610.jpeg\"}},{\"image\":{\"name\":\"j5Vne_1488543610.jpeg\"}},{\"image\":{\"name\":\"tKeFW_1488543610.jpeg\"}},{\"image\":{\"name\":\"aVEw5_1488543611.jpeg\"}},{\"image\":{\"name\":\"lBjxZ_1488543612.jpeg\"}},{\"image\":{\"name\":\"dJaBy_1488543613.jpeg\"}}]',NULL,1,NULL,'2017-03-03 12:22:07','2017-03-03 12:22:07',129.025515,'a:7:{i:0;s:13:\"#해수피아\";i:1;s:19:\"#송도해수욕장\";i:2;s:12:\"#songdobeach\";i:3;s:6:\"#sauna\";i:4;s:10:\"#찜질방\";i:5;s:10:\"#목욕탕\";i:6;s:14:\"#cheaploadging\";}'),(147,5,1,0,'Louis bar & grill','1',36.959298,NULL,'\"#bar #pub #camphumphreys #\\ubc14 #\\ud38d #craftbeer #burger #steak #shots #Americancomfortfood #Americanfood\\r\\nThis is one of the great pub.\\r\\n\\r\\nPhone 031.618.2814 (reservation)\\r\\n\\r\\n\"','[{\"image\":{\"name\":\"HCmrI_1488608363.jpeg\"}},{\"image\":{\"name\":\"voUHV_1488608363.jpeg\"}},{\"image\":{\"name\":\"q9rk5_1488608364.jpeg\"}},{\"image\":{\"name\":\"2Phd3_1488608365.jpeg\"}},{\"image\":{\"name\":\"otSaj_1488608365.jpeg\"}},{\"image\":{\"name\":\"VcXOh_1488608366.jpeg\"}},{\"image\":{\"name\":\"k2L9I_1488608366.jpeg\"}},{\"image\":{\"name\":\"odhkX_1488608366.jpeg\"}},{\"image\":{\"name\":\"Jh9p1_1488608860.jpeg\"}},{\"image\":{\"name\":\"WacXH_1488608867.jpeg\"}},{\"image\":{\"name\":\"YS7CN_1488609563.jpeg\"}},{\"image\":{\"name\":\"L0JwG_1488609567.jpeg\"}}]',NULL,1,NULL,'2017-03-04 06:19:57','2017-03-04 06:39:29',127.043788,'a:11:{i:0;s:4:\"#bar\";i:1;s:4:\"#pub\";i:2;s:14:\"#camphumphreys\";i:3;s:4:\"#바\";i:4;s:4:\"#펍\";i:5;s:10:\"#craftbeer\";i:6;s:7:\"#burger\";i:7;s:6:\"#steak\";i:8;s:6:\"#shots\";i:9;s:20:\"#Americancomfortfood\";i:10;s:13:\"#Americanfood\";}'),(148,6,1,0,'Brisbane test gps and address ','1',-27.470411,NULL,'\"#Brisbane #gps #food #sushi #\\ud638\\uc8fc #\\ud638\\uc8fc\\uc5ec\\ud589\"','[{\"image\":{\"name\":\"IfDJ1_1488703149.jpeg\"}},{\"image\":{\"name\":\"rcDrk_1488703149.jpeg\"}},{\"image\":{\"name\":\"prvr4_1488703149.jpeg\"}},{\"image\":{\"name\":\"EUZRu_1488703149.jpeg\"}},{\"image\":{\"name\":\"L5ffW_1488703149.jpeg\"}},{\"image\":{\"name\":\"ehi8Y_1488703150.jpeg\"}},{\"image\":{\"name\":\"k7Jbn_1488703150.jpeg\"}},{\"image\":{\"name\":\"ZTUoy_1488703150.jpeg\"}}]',NULL,1,NULL,'2017-03-05 08:39:21','2017-03-05 08:39:21',153.025492,'a:6:{i:0;s:9:\"#Brisbane\";i:1;s:4:\"#gps\";i:2;s:5:\"#food\";i:3;s:6:\"#sushi\";i:4;s:7:\"#호주\";i:5;s:13:\"#호주여행\";}'),(150,6,5,0,'Filipino Cuisine','1',36.959342,NULL,'\"#Philippine #Philippinefood #Adovo #\\ud544\\ub9ac\\ud540\\uc2dd\\ub2f9 #\\ud544\\ub9ac\\ud540 #\\ud544\\ub9ac\\ud540\\uc74c\\uc2dd #\\uc548\\uc815\\ub9ac #Camphumphreys \\r\\n\\r\\nBusiness phone 031.651.9469\"','[{\"image\":{\"name\":\"lpq3x_1488856923.jpeg\"}},{\"image\":{\"name\":\"9aPJh_1488856923.jpeg\"}},{\"image\":{\"name\":\"HLox2_1488856923.jpeg\"}},{\"image\":{\"name\":\"uHqkm_1488856923.jpeg\"}},{\"image\":{\"name\":\"joOgl_1488856924.jpeg\"}},{\"image\":{\"name\":\"LUGQj_1488856924.jpeg\"}}]',NULL,1,NULL,'2017-03-07 03:22:33','2017-03-07 03:22:33',127.043476,'a:8:{i:0;s:11:\"#Philippine\";i:1;s:15:\"#Philippinefood\";i:2;s:6:\"#Adovo\";i:3;s:16:\"#필리핀식당\";i:4;s:10:\"#필리핀\";i:5;s:16:\"#필리핀음식\";i:6;s:10:\"#안정리\";i:7;s:14:\"#Camphumphreys\";}'),(151,6,5,0,'Taste of Thailand','1',36.959406,NULL,'\"Decent food and services.\\r\\nPhone 031.653.8891\\r\\n#Thaifood #Thairestaurant #podthai #noodle #Camphumphreys #\\ud0c0\\uc774\\ud478\\ub4dc #\\ud0dc\\uad6d\\uc74c\\uc2dd #\\ud31f\\ud0c0\\uc774 #\\ub620\\uc591\\uafcd #\\uc548\\uc815\\ub9ac #\\ucea0\\ud504\\ud5d8\\ud504\\ub9ac #\\ud3c9\\ud0dd\"','[{\"image\":{\"name\":\"c08Pp_1488857271.jpeg\"}},{\"image\":{\"name\":\"gdMeK_1488857271.jpeg\"}},{\"image\":{\"name\":\"onwOB_1488857271.jpeg\"}},{\"image\":{\"name\":\"029Q4_1488857272.jpeg\"}},{\"image\":{\"name\":\"rhLFc_1488857272.jpeg\"}},{\"image\":{\"name\":\"4qgOV_1488857272.jpeg\"}},{\"image\":{\"name\":\"Fjwd1_1488857272.jpeg\"}}]',NULL,1,NULL,'2017-03-07 03:27:59','2017-03-07 05:41:07',127.043450,'a:12:{i:0;s:9:\"#Thaifood\";i:1;s:15:\"#Thairestaurant\";i:2;s:8:\"#podthai\";i:3;s:7:\"#noodle\";i:4;s:14:\"#Camphumphreys\";i:5;s:13:\"#타이푸드\";i:6;s:13:\"#태국음식\";i:7;s:10:\"#팟타이\";i:8;s:10:\"#똠양꿍\";i:9;s:10:\"#안정리\";i:10;s:16:\"#캠프험프리\";i:11;s:7:\"#평택\";}'),(152,5,5,0,'Mom\'s Touch burger and fried chicken','1',36.964441,NULL,'\"Mom\'s touch burger and fried.\\r\\nCheap and fast-food but they don\'t have a need Patty only pork and chicken. That is why little not cheaper than other burgershop.\\r\\nCome over to check it out. Good for the kids.\\r\\n031.691.8825 (delivery available)\\r\\n\\ub9d8\\uc2a4\\ud130\\uce58 \\ubc84\\uac70\\uc785\\ub2c8\\ub2e4 \\uac00\\uaca9\\uc740 \\uc2fc\\ud380\\uc774\\uc9c0\\ub9cc 100%\\ub85c \\uc18c\\uace0\\uae30 \\ud328\\ud2f0\\ub294\\uc5c6\\uc5b4\\uc694\\r\\n#fastfood #burger #frenchfries #fries #friedchicken #Mom\'touch #\\ub9d8\\uc2a4\\ud130\\uce58 #\\ud584\\ubc84\\uac70 #\\ud1b5\\ub2ed #\\ub2ed\\uac15\\uc815 #\\uac1d\\uc0ac\\ub9ac #\\ucea0\\ud504\\ud5d8\\ud504\\ub9ac #Camphumphreys \"','[{\"image\":{\"name\":\"re8w3_1488858705.jpeg\"}},{\"image\":{\"name\":\"c16vP_1488858709.jpeg\"}},{\"image\":{\"name\":\"0RBag_1488858713.jpeg\"}},{\"image\":{\"name\":\"DZm9E_1488858720.jpeg\"}},{\"image\":{\"name\":\"d49vu_1488858722.jpeg\"}},{\"image\":{\"name\":\"i4ZY6_1488858724.jpeg\"}},{\"image\":{\"name\":\"Mm07P_1488858724.jpeg\"}},{\"image\":{\"name\":\"gw0r9_1488858724.jpeg\"}},{\"image\":{\"name\":\"mBsik_1488858725.jpeg\"}},{\"image\":{\"name\":\"iCEam_1488859008.jpeg\"}}]',NULL,1,NULL,'2017-03-07 03:54:07','2017-03-07 03:56:51',127.058188,'a:13:{i:0;s:9:\"#fastfood\";i:1;s:7:\"#burger\";i:2;s:12:\"#frenchfries\";i:3;s:6:\"#fries\";i:4;s:13:\"#friedchicken\";i:5;s:4:\"#Mom\";i:6;s:13:\"#맘스터치\";i:7;s:10:\"#햄버거\";i:8;s:7:\"#통닭\";i:9;s:10:\"#닭강정\";i:10;s:10:\"#객사리\";i:11;s:16:\"#캠프험프리\";i:12;s:14:\"#Camphumphreys\";}'),(153,5,5,0,'Chicken Maru (치킨마루)','1',36.963361,NULL,'\"#friedchicken #chicken #Camphumphreys #\\uce58\\ud0a8\\ub9c8\\ub8e8 #\\uce58\\ud0a8\\r\\n#\\uc591\\ub150\\ud1b5\\ub2ed #\\ud6c4\\ub77c\\uc774\\ub4dc\\uce58\\ud0a8 \\r\\nPhone 031.618.1241 (delivery)\"','[{\"image\":{\"name\":\"kI3g1_1488860462.jpeg\"}},{\"image\":{\"name\":\"0TyQW_1488860463.jpeg\"}},{\"image\":{\"name\":\"YyO39_1488860463.jpeg\"}}]',NULL,1,NULL,'2017-03-07 04:21:05','2017-03-07 04:21:05',127.059362,'a:7:{i:0;s:13:\"#friedchicken\";i:1;s:8:\"#chicken\";i:2;s:14:\"#Camphumphreys\";i:3;s:13:\"#치킨마루\";i:4;s:7:\"#치킨\";i:5;s:13:\"#양념통닭\";i:6;s:19:\"#후라이드치킨\";}'),(154,5,5,0,'Mexicana Chicken (멕시카나치긴 송화점)','1',36.963361,NULL,'\"#friedchicken #Mexicanachicken #chicken #Camphumphreys #\\uce58\\ud0a8 #\\uba55\\uc2dc\\uce74\\ub098\\uce58\\ud0a8 #\\ud6c4\\ub77c\\uc774\\ub4dc\\uce58\\ud0a8 #\\uac1d\\uc0ac\\ub9ac #\\ucea0\\ud504\\ud5d8\\ud504\\ub9ac\"','[{\"image\":{\"name\":\"q4KgV_1488860655.jpeg\"}},{\"image\":{\"name\":\"hCb8S_1488860655.jpeg\"}}]',NULL,1,NULL,'2017-03-07 04:24:23','2017-03-24 06:32:34',127.059362,'a:9:{i:0;s:13:\"#friedchicken\";i:1;s:16:\"#Mexicanachicken\";i:2;s:8:\"#chicken\";i:3;s:14:\"#Camphumphreys\";i:4;s:7:\"#치킨\";i:5;s:19:\"#멕시카나치킨\";i:6;s:19:\"#후라이드치킨\";i:7;s:10:\"#객사리\";i:8;s:16:\"#캠프험프리\";}'),(155,5,5,0,'Bakery Haru','1',36.962922,NULL,'\"#bakery #bread #food #cake #harubakery #\\ube75 #\\ube75\\uc9d1 \\ucf00\\uc775\\r\\n#\\ucea0\\ud504\\ud5d8\\ud504\\ub9ac #\\uc0dd\\uc77c\\ucf00\\uc774\\ud06c #Camphumphreys \\r\\n031.691.2349\"','[{\"image\":{\"name\":\"i1R9t_1488861079.jpeg\"}},{\"image\":{\"name\":\"OQ31P_1488861079.jpeg\"}},{\"image\":{\"name\":\"LTsl3_1488861081.jpeg\"}},{\"image\":{\"name\":\"3cdtD_1488861081.jpeg\"}},{\"image\":{\"name\":\"w8yht_1488861081.jpeg\"}},{\"image\":{\"name\":\"jh6oZ_1488861081.jpeg\"}},{\"image\":{\"name\":\"KDIjE_1488861081.jpeg\"}},{\"image\":{\"name\":\"hwaze_1488861081.jpeg\"}}]',NULL,1,NULL,'2017-03-07 04:31:31','2017-03-07 04:31:31',127.058745,'a:10:{i:0;s:7:\"#bakery\";i:1;s:6:\"#bread\";i:2;s:5:\"#food\";i:3;s:5:\"#cake\";i:4;s:11:\"#harubakery\";i:5;s:4:\"#빵\";i:6;s:7:\"#빵집\";i:7;s:16:\"#캠프험프리\";i:8;s:16:\"#생일케이크\";i:9;s:14:\"#Camphumphreys\";}'),(158,5,3,0,'Awesome coffee shop','1',36.960171,NULL,'\"This is ome of the great coffee and dessert shop\\r\\n#coffee #coffeeshop #dessert #Americano #latte #\\uc548\\uc815\\ub9ac     #Camphumphery #\\ucee4\\ud53c #\\uc544\\uba54\\ub9ac\\uce74\\ub178 #\\ub514\\uc800\\ud2b8 #\\ub77c\\ub5bc\\r\\nBusiness hour blah blah\\r\\n\\r\\n\"','[{\"image\":{\"name\":\"CcYJ2_1488891985.jpeg\"}},{\"image\":{\"name\":\"TTdk8_1488891985.jpeg\"}},{\"image\":{\"name\":\"PLFmS_1488891985.jpeg\"}},{\"image\":{\"name\":\"j3WTk_1488891985.jpeg\"}},{\"image\":{\"name\":\"9cnZp_1488891986.jpeg\"}},{\"image\":{\"name\":\"WO9PD_1488891986.jpeg\"}},{\"image\":{\"name\":\"pVtLs_1488891986.jpeg\"}},{\"image\":{\"name\":\"F4JOu_1488891986.jpeg\"}},{\"image\":{\"name\":\"Gdgoz_1488891986.jpeg\"}}]',NULL,1,NULL,'2017-03-07 13:06:31','2017-03-07 13:06:31',127.045089,'a:11:{i:0;s:7:\"#coffee\";i:1;s:11:\"#coffeeshop\";i:2;s:8:\"#dessert\";i:3;s:10:\"#Americano\";i:4;s:6:\"#latte\";i:5;s:10:\"#안정리\";i:6;s:13:\"#Camphumphery\";i:7;s:7:\"#커피\";i:8;s:16:\"#아메리카노\";i:9;s:10:\"#디저트\";i:10;s:7:\"#라떼\";}'),(159,5,18,0,'Surfer Paradise ','1',-28.003269,NULL,'\"#surfer #goldcoast #eastcoast #Australia #traveling #beach #\\uc11c\\ud37c\\ud30c\\ub77c\\ub2e4\\uc774\\uc2a4 #\\ud638\\uc8fc #\\uc5ec\\ud589 #\\ud574\\ubcc0 #\\ub0ad\\ub9cc #\\ucc9c\\uad6d\"','[{\"image\":{\"name\":\"9Kf8x_1488894463.jpeg\"}},{\"image\":{\"name\":\"WixSE_1488894463.jpeg\"}},{\"image\":{\"name\":\"2k0Tm_1488894463.jpeg\"}}]',NULL,1,NULL,'2017-03-07 13:47:58','2017-03-07 13:47:58',153.431414,'a:12:{i:0;s:7:\"#surfer\";i:1;s:10:\"#goldcoast\";i:2;s:10:\"#eastcoast\";i:3;s:10:\"#Australia\";i:4;s:10:\"#traveling\";i:5;s:6:\"#beach\";i:6;s:22:\"#서퍼파라다이스\";i:7;s:7:\"#호주\";i:8;s:7:\"#여행\";i:9;s:7:\"#해변\";i:10;s:7:\"#낭만\";i:11;s:7:\"#천국\";}'),(160,5,11,0,'Faith ChristianFellowship Chruch','1',36.961266,NULL,'\"#chruch #fellowship #Camphumphreys #FCFC # Sundayschool #worship #sermon #biblestudy\\r\\nRev Donald L.Brown 010.4854.8783\"','[{\"image\":{\"name\":\"6axuO_1488943354.jpeg\"}},{\"image\":{\"name\":\"KBQMH_1488943354.jpeg\"}},{\"image\":{\"name\":\"4JVUT_1488943354.jpeg\"}}]',NULL,1,NULL,'2017-03-08 03:22:36','2017-03-08 03:22:36',127.058523,'a:7:{i:0;s:7:\"#chruch\";i:1;s:11:\"#fellowship\";i:2;s:14:\"#Camphumphreys\";i:3;s:5:\"#FCFC\";i:4;s:8:\"#worship\";i:5;s:7:\"#sermon\";i:6;s:11:\"#biblestudy\";}'),(161,5,33,0,'Key Duplication store','1',36.963192,NULL,'\"#key #duplicatekey #\\ud0a4 #\\ud0a4\\ubcf5\\uc0ac\\r\\nDuplicate the key\"','[{\"image\":{\"name\":\"aOLO1_1488943688.jpeg\"}},{\"image\":{\"name\":\"oOpMF_1488943688.jpeg\"}}]',NULL,1,NULL,'2017-03-08 03:28:11','2017-03-30 00:59:15',127.059027,'a:4:{i:0;s:4:\"#key\";i:1;s:13:\"#duplicatekey\";i:2;s:4:\"#키\";i:3;s:10:\"#키복사\";}'),(162,5,33,0,'신협 (shinhyup bank)','1',36.963234,NULL,'\"#bank #atm #ATM #\\uc2e0\\ud611 #\\uc740\\ud589  #\\ucd9c\\uae08 #\\uc785\\uae08 #withdrawmoney #withdraw #money\"','[{\"image\":{\"name\":\"SwIQw_1488943923.jpeg\"}},{\"image\":{\"name\":\"WIRKU_1488943924.jpeg\"}},{\"image\":{\"name\":\"0UOJc_1488943924.jpeg\"}}]',NULL,1,NULL,'2017-03-08 03:32:07','2017-04-04 00:50:03',127.059110,'a:10:{i:0;s:5:\"#bank\";i:1;s:4:\"#atm\";i:2;s:4:\"#ATM\";i:3;s:7:\"#신협\";i:4;s:7:\"#은행\";i:5;s:7:\"#출금\";i:6;s:7:\"#입금\";i:7;s:14:\"#withdrawmoney\";i:8;s:9:\"#withdraw\";i:9;s:6:\"#money\";}'),(163,5,33,0,'7 Eleven store','1',36.963311,NULL,'\"#convenientstore   #convenient #711 #7eleven #food #beverage #cigarette #ramen #\\uc138\\ube10\\uc77c\\ub808\\ube10 #\\ud3b8\\uc758\\uc810 #\\ub77c\\uba74 #\\ub2f4\\ubc30\"','[{\"image\":{\"name\":\"QYagN_1488944182.jpeg\"}},{\"image\":{\"name\":\"r8j4e_1488944182.jpeg\"}}]',NULL,1,NULL,'2017-03-08 03:36:26','2017-03-30 00:53:11',127.059298,'a:10:{i:0;s:16:\"#convenientstore\";i:1;s:11:\"#convenient\";i:2;s:5:\"#food\";i:3;s:9:\"#beverage\";i:4;s:10:\"#cigarette\";i:5;s:6:\"#ramen\";i:6;s:16:\"#세븐일레븐\";i:7;s:10:\"#편의점\";i:8;s:7:\"#라면\";i:9;s:7:\"#담배\";}'),(164,5,3,0,'Topresso coffee shop','1',36.963342,NULL,'\"#coffee #coffeeshop #Americano #latte #sandwich #\\ucee4\\ud53c #\\ucee4\\ud53c\\uc20d #\\ub77c\\ub5bc #Camphumphreys #\\ucea0\\ud504\\ud5d8\\ud504\\ub9ac #\\ucf00\\uc775 #\\ube0c\\ub7f0\\uce58 #brunch\\r\\nBusiness hour 8:00am to 1am (15hours) during week\\r\\n                          9:00am to 1am (14hours) during weekend\\r\\nTell 031.618.0999\"','[{\"image\":{\"name\":\"A9fj7_1488944626.jpeg\"}},{\"image\":{\"name\":\"6NjU9_1488944629.jpeg\"}},{\"image\":{\"name\":\"mDobF_1488944629.jpeg\"}},{\"image\":{\"name\":\"NbC7j_1488944630.jpeg\"}},{\"image\":{\"name\":\"ba1OY_1488944630.jpeg\"}},{\"image\":{\"name\":\"mpOC6_1488944631.jpeg\"}},{\"image\":{\"name\":\"XIsRj_1488944631.jpeg\"}},{\"image\":{\"name\":\"QcJKy_1488944631.jpeg\"}},{\"image\":{\"name\":\"FSpiq_1488944638.jpeg\"}}]',NULL,1,NULL,'2017-03-08 03:44:07','2017-03-08 03:44:07',127.059146,'a:13:{i:0;s:7:\"#coffee\";i:1;s:11:\"#coffeeshop\";i:2;s:10:\"#Americano\";i:3;s:6:\"#latte\";i:4;s:9:\"#sandwich\";i:5;s:7:\"#커피\";i:6;s:10:\"#커피숍\";i:7;s:7:\"#라떼\";i:8;s:14:\"#Camphumphreys\";i:9;s:16:\"#캠프험프리\";i:10;s:7:\"#케익\";i:11;s:10:\"#브런치\";i:12;s:7:\"#brunch\";}'),(165,5,33,0,'GS 25 convenient store (편의점)','1',36.963199,NULL,'\"#convenientstore #ramen #cigarette #snack #\\ud3b8\\uc758\\uc810 #\\ub2f4\\ubc30 #\\uc74c\\ub8cc\\uc218 #becerage #Camphumphreys #convenient \"','[{\"image\":{\"name\":\"WxUvt_1488944894.jpeg\"}}]',NULL,1,NULL,'2017-03-08 03:48:15','2017-03-30 13:00:14',127.058607,'a:10:{i:0;s:16:\"#convenientstore\";i:1;s:6:\"#ramen\";i:2;s:10:\"#cigarette\";i:3;s:6:\"#snack\";i:4;s:10:\"#편의점\";i:5;s:7:\"#담배\";i:6;s:10:\"#음료수\";i:7;s:9:\"#becerage\";i:8;s:14:\"#Camphumphreys\";i:9;s:11:\"#convenient\";}'),(166,5,3,0,'Coffee shop (커피에반하다)','1',36.963199,NULL,'\"#coffee #coffeeshop #Americano #latte #sandwich #\\ucee4\\ud53c #\\ucee4\\ud53c\\uc20d #\\ub77c\\ub5bc #Camphumphreys #\\ucea0\\ud504\\ud5d8\\ud504\\ub9ac #\\ucf00\\uc775 #\\ube0c\\ub7f0\\uce58 #brunch \"','[{\"image\":{\"name\":\"W0SNr_1488945162.jpeg\"}},{\"image\":{\"name\":\"ABmfn_1488945162.jpeg\"}},{\"image\":{\"name\":\"ABIJ9_1488945162.jpeg\"}},{\"image\":{\"name\":\"CUgSM_1488945164.jpeg\"}},{\"image\":{\"name\":\"JwuOR_1488945164.jpeg\"}},{\"image\":{\"name\":\"u6iUm_1488945164.jpeg\"}},{\"image\":{\"name\":\"onicH_1488945164.jpeg\"}}]',NULL,1,NULL,'2017-03-08 03:52:50','2017-03-08 03:52:50',127.058607,'a:13:{i:0;s:7:\"#coffee\";i:1;s:11:\"#coffeeshop\";i:2;s:10:\"#Americano\";i:3;s:6:\"#latte\";i:4;s:9:\"#sandwich\";i:5;s:7:\"#커피\";i:6;s:10:\"#커피숍\";i:7;s:7:\"#라떼\";i:8;s:14:\"#Camphumphreys\";i:9;s:16:\"#캠프험프리\";i:10;s:7:\"#케익\";i:11;s:10:\"#브런치\";i:12;s:7:\"#brunch\";}'),(167,5,4,0,'Cleantopia  (크린토피아) Laundry services','1',36.963178,NULL,'\"#laundry #laundryservice #\\uc138\\ud0c1\\uc18c #\\ud06c\\ub9b0\\ud1a0\\ud53c\\uc544 #cleaningclothes #washingclothes #washing \\r\\nTakes aboit 2 or 3days to get your laundry back.\\r\\nPrice so cheapef than usual laundry shop.\"','[{\"image\":{\"name\":\"iNbso_1488945499.jpeg\"}},{\"image\":{\"name\":\"4Ej9r_1488945499.jpeg\"}},{\"image\":{\"name\":\"wVP8G_1488945499.jpeg\"}},{\"image\":{\"name\":\"aH9x9_1488945500.jpeg\"}}]',NULL,1,NULL,'2017-03-08 03:59:05','2017-03-08 08:20:54',127.058565,'a:7:{i:0;s:8:\"#laundry\";i:1;s:15:\"#laundryservice\";i:2;s:10:\"#세탁소\";i:3;s:16:\"#크린토피아\";i:4;s:16:\"#cleaningclothes\";i:5;s:15:\"#washingclothes\";i:6;s:8:\"#washing\";}'),(168,20,4,0,'emKANG school','1',35.147814,NULL,'\"#english school #math school\"','[{\"image\":{\"name\":\"oWWUH_1489036092.jpeg\"}},{\"image\":{\"name\":\"0hOwz_1489036093.jpeg\"}}]',NULL,1,NULL,'2017-03-09 05:08:30','2017-03-09 05:08:30',129.067579,'a:2:{i:0;s:8:\"#english\";i:1;s:5:\"#math\";}'),(169,5,5,0,'둔포 막창순대 (pork soup)kukbab','1',36.927544,NULL,'\"#Koreanfood #food  #porksoup #porkguts #porkorgan #\\uad6d\\ubc25 #\\uc21c\\ub300\\uad6d\\ubc25 #\\uc21c\\ub300 #\\ub9c9\\ucc3d\\r\\nVery good pork soup! Try it out!\\r\\n\\ub9db\\ub3c4\\uc88b\\uace0 \\ub3fc\\uc9c0 \\ub0c4\\uc0c8\\uac00 \\ud558\\ub098\\ub3c4 \\uc54a\\ub098\\uace0 \\ub108\\ubb34\\uc88b\\ub124\\uc694\"','[{\"image\":{\"name\":\"v6DVN_1489065579.jpeg\"}},{\"image\":{\"name\":\"hd05Z_1489065580.jpeg\"}},{\"image\":{\"name\":\"ZWIM2_1489065580.jpeg\"}}]',NULL,1,NULL,'2017-03-09 13:19:42','2017-03-09 13:22:49',127.035604,'a:9:{i:0;s:11:\"#Koreanfood\";i:1;s:5:\"#food\";i:2;s:9:\"#porksoup\";i:3;s:9:\"#porkguts\";i:4;s:10:\"#porkorgan\";i:5;s:7:\"#국밥\";i:6;s:13:\"#순대국밥\";i:7;s:7:\"#순대\";i:8;s:7:\"#막창\";}'),(172,29,5,0,'cesar','1',37.295672,NULL,'\"Cesra\"','[{\"image\":{\"name\":\"n7gGy_1489314430.jpeg\"}},{\"image\":{\"name\":\"3S86I_1489314430.jpeg\"}}]',NULL,1,NULL,'2017-03-12 10:27:30','2017-03-12 10:27:30',126.975850,'a:0:{}'),(173,29,5,0,'cesar test ','1',37.294062,NULL,'\"Test #cesar\"','[{\"image\":{\"name\":\"VuXcA_1489314566.jpeg\"}},{\"image\":{\"name\":\"oqK3Z_1489314566.jpeg\"}}]',NULL,1,NULL,'2017-03-12 10:29:38','2017-03-12 10:29:38',126.979208,'a:1:{i:0;s:6:\"#cesar\";}'),(174,5,3,0,'Starbucks','1',34.890803,NULL,'\"#coffee #Starbucks #latte #dessert #you can put any language...\\r\\n#\\uc2a4\\ud0c0\\ubc85\\uc2a4 #\\ucee4\\ud53c #\\ub514\\uc800\\ud2b8\"','[{\"image\":{\"name\":\"GBPjz_1489566138.jpeg\"}},{\"image\":{\"name\":\"jWLqO_1489566138.jpeg\"}},{\"image\":{\"name\":\"z9Xmx_1489566139.jpeg\"}},{\"image\":{\"name\":\"IAg8F_1489566143.jpeg\"}}]',NULL,1,NULL,'2017-03-15 08:22:26','2017-03-15 08:22:26',128.622051,'a:8:{i:0;s:7:\"#coffee\";i:1;s:10:\"#Starbucks\";i:2;s:6:\"#latte\";i:3;s:8:\"#dessert\";i:4;s:4:\"#you\";i:5;s:13:\"#스타벅스\";i:6;s:7:\"#커피\";i:7;s:10:\"#디저트\";}'),(175,5,5,0,'Tongyoung grilled fish Restaurant(통영생선구이)','1',34.864220,NULL,'\"#grilledfish #fish #Koreanfood #\\uc0dd\\uc120\\uad6c\\uc774 #\\uc0dd\\uc120 #\\ubc25\\uc9d1 #\\ud1b5\\uc601 #\\ud1b5\\uc601\\ub9db\\uc9d1 #famousfish #food  #\\ud1b5\\uc601\\ub9db\\uc9d1 #\\ub9db\\uc9d1\"','[{\"image\":{\"name\":\"AzT3S_1489632119.jpeg\"}},{\"image\":{\"name\":\"zWJ9c_1489632120.jpeg\"}},{\"image\":{\"name\":\"VVan2_1489632120.jpeg\"}},{\"image\":{\"name\":\"sozct_1489632121.jpeg\"}},{\"image\":{\"name\":\"DzZnn_1489632121.jpeg\"}},{\"image\":{\"name\":\"adDeR_1489632122.jpeg\"}},{\"image\":{\"name\":\"PBqHt_1489632122.jpeg\"}},{\"image\":{\"name\":\"Mduyr_1489632122.jpeg\"}},{\"image\":{\"name\":\"RgxC9_1489632122.jpeg\"}},{\"image\":{\"name\":\"4eHUG_1489632122.jpeg\"}}]',NULL,1,NULL,'2017-03-16 02:42:29','2017-03-16 02:42:29',128.446155,'a:12:{i:0;s:12:\"#grilledfish\";i:1;s:5:\"#fish\";i:2;s:11:\"#Koreanfood\";i:3;s:13:\"#생선구이\";i:4;s:7:\"#생선\";i:5;s:7:\"#밥집\";i:6;s:7:\"#통영\";i:7;s:13:\"#통영맛집\";i:8;s:11:\"#famousfish\";i:9;s:5:\"#food\";i:10;s:13:\"#통영맛집\";i:11;s:7:\"#맛집\";}'),(176,5,3,0,'Mistique coffee and dessert 미스티크 커피 &디저트','1',34.775815,NULL,'\"#coffeeshop #coffee #desdert #relaxing #food #sightseeing #relax #\\ucee4\\ud53c\\uc20d #\\uacbd\\uce58 #\\ud1b5\\uc601 #goodview #Tongyoung #\\ud1b5\\uc601 #\\ub514\\uc800\\ud2b8 #\\ub9b4\\ub809\\uc2a4 #\\ud3b8\\uc548\\ud568 #\\uacbd\\uce58\\uc88b\\uc74c \\r\\n\\r\\nOh guys this is great location to drink coffee and dessert shop and great view!!!!!\\r\\nCheck that out next time when you guys around here!\\r\\n\\r\\n\\uacbd\\uce58\\ucd5c\\uace0! \\ud1b5\\uc601 \\ucee4\\ud53c\\uc20d \\uc911 \\ub2e8\\uc5f0 \\ucd5c\\uace0 \\ubdf0\\uc640 \\ub108\\ubb34  \\ub9db\\uc788\\ub294 \\ub514\\uc800\\ud2b8\\uc640\\ucee4\\ud53c! \\ud55c\\ubc88 \\ub9b4\\ub809\\uc2a4 \\ud558\\uae30\\uc5d4 \\ucd5c\\uace0\\uc778\\uac83 \\uac19\\uc544\\uc694!\"','[{\"image\":{\"name\":\"1ugC6_1489639584.jpeg\"}},{\"image\":{\"name\":\"nzM3V_1489639585.jpeg\"}},{\"image\":{\"name\":\"FkG7H_1489639585.jpeg\"}},{\"image\":{\"name\":\"0J4lL_1489639585.jpeg\"}},{\"image\":{\"name\":\"HNeiz_1489639585.jpeg\"}},{\"image\":{\"name\":\"aC7pe_1489639586.jpeg\"}},{\"image\":{\"name\":\"QINlC_1489639586.jpeg\"}},{\"image\":{\"name\":\"rv9id_1489639587.jpeg\"}},{\"image\":{\"name\":\"yRiSy_1489639587.jpeg\"}},{\"image\":{\"name\":\"Nb2KS_1489639587.jpeg\"}},{\"image\":{\"name\":\"1AArm_1489639783.jpeg\"}},{\"image\":{\"name\":\"07w2p_1489640770.jpeg\"}},{\"image\":{\"name\":\"L7nqD_1489640781.jpeg\"}},{\"image\":{\"name\":\"LmkSJ_1489640790.jpeg\"}},{\"image\":{\"name\":\"l94Fz_1489640795.jpeg\"}}]',NULL,1,NULL,'2017-03-16 04:48:55','2017-03-16 05:06:37',128.395927,'a:13:{i:0;s:11:\"#coffeeshop\";i:1;s:7:\"#coffee\";i:2;s:8:\"#desdert\";i:3;s:9:\"#relaxing\";i:4;s:5:\"#food\";i:5;s:12:\"#sightseeing\";i:6;s:6:\"#relax\";i:7;s:10:\"#커피숍\";i:8;s:7:\"#경치\";i:9;s:7:\"#통영\";i:10;s:9:\"#goodview\";i:11;s:10:\"#Tongyoung\";i:12;s:7:\"#통영\";}'),(177,5,11,0,'Nampo downtown (남포동)','1',35.099210,NULL,'\"#nampo #shopping #mall #downtown #nampodong #traveling #travelingarea #\\ub0a8\\ud3ec\\ub3d9 #\\ub2e4\\uc6b4\\ud0c0\\uc6b4 #\\uad00\\uad11\\r\\n\\r\\nThis area one of the huge downtown in southern part of downtown. A lot of traveler and local. Variety food selection and shopping.\\r\\nWhen you traveling in Busan you guys should come visit here!\\r\\nTake off from Nampo subway station. \"','[{\"image\":{\"name\":\"7AgUM_1489716162.jpeg\"}},{\"image\":{\"name\":\"Q3oTh_1489716162.jpeg\"}},{\"image\":{\"name\":\"fTpQj_1489716162.jpeg\"}},{\"image\":{\"name\":\"Cxfb2_1489716163.jpeg\"}},{\"image\":{\"name\":\"PFshM_1489716163.jpeg\"}},{\"image\":{\"name\":\"a2iJf_1489716163.jpeg\"}}]',NULL,1,NULL,'2017-03-17 02:05:36','2017-03-17 02:06:26',129.031587,'a:10:{i:0;s:6:\"#nampo\";i:1;s:9:\"#shopping\";i:2;s:5:\"#mall\";i:3;s:9:\"#downtown\";i:4;s:10:\"#nampodong\";i:5;s:10:\"#traveling\";i:6;s:14:\"#travelingarea\";i:7;s:10:\"#남포동\";i:8;s:13:\"#다운타운\";i:9;s:7:\"#관광\";}'),(178,5,5,0,'미가정 삼색 장어어죽 (fish stew)','1',36.925876,NULL,'\"#fishsoup #food #amazingfishsoup #\\uc5b4\\uc8fd #\\uc7a5\\uc5b4\\uc8fd #\\ub9db\\uc9d1\\r\\n#\\ub108\\ubb34\\ub9db\\uc788\\ub2e4 #\\ub454\\ud3ec #\\ud3c9\\ud0dd \\r\\nYou guys should try it out. It is So delicious!!!!!\\r\\nGrind it whole fish and make the soup.It is kind of stamina food!ever!\\r\\n\\uc7a5\\uc5b4\\uc5b4\\uc8fd \\ub2e8\\uc5f0 \\ucd5c\\uace0\\uc785\\ub2c8\\ub2e4! \\ud615\\uc6a9 \\ud560\\uc218 \\uc5c6\\uc744 \\ub9cc\\ud07c \\ub9db\\uc788\\uc5b4\\uc694!\\r\\n031.534.0599\"','[{\"image\":{\"name\":\"Bvj99_1489915067.jpeg\"}},{\"image\":{\"name\":\"EPnki_1489915069.jpeg\"}},{\"image\":{\"name\":\"anJ7k_1489915069.jpeg\"}},{\"image\":{\"name\":\"oa0XM_1489915069.jpeg\"}},{\"image\":{\"name\":\"WE8s1_1489915070.jpeg\"}}]',NULL,1,NULL,'2017-03-19 09:17:53','2017-03-24 06:32:57',127.035746,'a:9:{i:0;s:9:\"#fishsoup\";i:1;s:5:\"#food\";i:2;s:16:\"#amazingfishsoup\";i:3;s:7:\"#어죽\";i:4;s:10:\"#장어죽\";i:5;s:7:\"#맛집\";i:6;s:16:\"#너무맛있다\";i:7;s:7:\"#둔포\";i:8;s:7:\"#평택\";}'),(179,5,14,0,'ABA real estare','1',36.958985,NULL,'\"#realestate #aba #realtor #\\ubd80\\ub3d9\\uc0b0 #\\uc6d0\\ub8f8 \\r\\n\"','[{\"image\":{\"name\":\"zLrNX_1490242694.jpeg\"}},{\"image\":{\"name\":\"6ChXb_1490242694.jpeg\"}},{\"image\":{\"name\":\"aG3hI_1490242695.jpeg\"}},{\"image\":{\"name\":\"g8fub_1490242696.jpeg\"}},{\"image\":{\"name\":\"9gMRL_1490242696.jpeg\"}},{\"image\":{\"name\":\"KGMui_1490242696.jpeg\"}}]',NULL,1,NULL,'2017-03-23 04:18:57','2017-03-23 04:18:57',127.045360,'a:5:{i:0;s:11:\"#realestate\";i:1;s:4:\"#aba\";i:2;s:8:\"#realtor\";i:3;s:10:\"#부동산\";i:4;s:7:\"#원룸\";}'),(180,47,14,0,'Camp humphreys ABA realty ','1',36.959030,NULL,'\"#camp humphreys #ABA #realtor #real estate #\\ubd80\\ub3d9\\uc0b0 #paradia #USAG realtor#brown stone humphreys \"','[{\"image\":{\"name\":\"bwJUJ_1490242783.jpeg\"}}]',NULL,1,NULL,'2017-03-23 04:19:45','2017-03-23 04:19:45',127.045371,'a:8:{i:0;s:5:\"#camp\";i:1;s:4:\"#ABA\";i:2;s:8:\"#realtor\";i:3;s:5:\"#real\";i:4;s:10:\"#부동산\";i:5;s:8:\"#paradia\";i:6;s:5:\"#USAG\";i:7;s:6:\"#brown\";}'),(181,5,8,0,'New Seoul clinic','1',36.580247,NULL,'\"#clinic #medical #hospital #localmedic #Camphumphreys #\\ubcd1\\uc6d0 #\\uc0c8\\uc11c\\uc6b8\\uc758\\uc6d0 #\\uc758\\ub8cc\\uc6d0 \\r\\nLunch time 13:00-14:00\\r\\n\\ud3c9\\uc77c 09:00 - 18:30 (week)\\r\\n\\ud1a0\\uc694\\uc77c 09:00 - 15:30(weekend)\\r\\n\\uacf5\\ud734\\uc77c 09:00 - 16:00(Holiday)\\r\\n3rd floor\"','[{\"image\":{\"name\":\"g1Ul7_1490335750.jpeg\"}}]',NULL,1,NULL,'2017-03-24 06:09:42','2017-03-24 06:10:14',127.957764,'a:8:{i:0;s:7:\"#clinic\";i:1;s:8:\"#medical\";i:2;s:9:\"#hospital\";i:3;s:11:\"#localmedic\";i:4;s:14:\"#Camphumphreys\";i:5;s:7:\"#병원\";i:6;s:16:\"#새서울의원\";i:7;s:10:\"#의료원\";}'),(182,25,1,0,'Store ','1',37.296887,NULL,'\"Convenience store hehehehe\"','[{\"image\":{\"name\":\"ZC1cs_1490514973.jpeg\"}},{\"image\":{\"name\":\"r2mKT_1490514984.jpeg\"}},{\"image\":{\"name\":\"A6qAa_1490514998.jpeg\"}}]',NULL,1,NULL,'2017-03-26 07:56:40','2017-05-07 11:36:41',126.974345,'a:0:{}'),(189,5,17,0,'Pyeongtaek Subway station','1',37.510482,NULL,'\"#subway #subwaystation #pyeongtaek #transportation #\\uc9c0\\ud558\\ucca0\"','[{\"image\":{\"name\":\"11EWZ_1490665771.jpeg\"}},{\"image\":{\"name\":\"mTuye_1490665771.jpeg\"}}]',NULL,1,NULL,'2017-03-28 01:49:37','2017-03-28 02:00:05',126.995992,'a:5:{i:0;s:7:\"#subway\";i:1;s:14:\"#subwaystation\";i:2;s:11:\"#pyeongtaek\";i:3;s:15:\"#transportation\";i:4;s:10:\"#지하철\";}'),(191,5,8,0,'Baak as hospital (emergency medical center)','1',36.992831,NULL,'\"One of the big medical center in pyeongtaek downtown\\r\\n#medicalcenter #emergency #hospital #medic #clinic #\\ubcd1\\uc6d0 #\\uc751\\uae09\\uc2e4\"','[{\"image\":{\"name\":\"MYKTN_1490672704.jpeg\"}},{\"image\":{\"name\":\"MQFip_1490672704.jpeg\"}},{\"image\":{\"name\":\"LxbPD_1490672704.jpeg\"}}]',NULL,1,NULL,'2017-03-28 03:45:07','2017-03-28 03:45:47',127.089136,'a:7:{i:0;s:14:\"#medicalcenter\";i:1;s:10:\"#emergency\";i:2;s:9:\"#hospital\";i:3;s:6:\"#medic\";i:4;s:7:\"#clinic\";i:5;s:7:\"#병원\";i:6;s:10:\"#응급실\";}'),(192,1,2,0,'Test ccc','',37.298706,NULL,'\"Tevebns\"','[{\"image\":{\"name\":\"C9KDQ_1490698069.jpeg\"}}]',NULL,1,NULL,'2017-03-28 10:47:50','2017-03-28 10:47:50',126.974969,'a:0:{}'),(196,5,27,0,'Anseong museum','',37.011537,NULL,'\"Open everyday 09:00 - 18:00\\r\\nClosed New year Lunar holiday,Korean thanksgiving,every Monday.1\\uc6d41\\uc77c, \\uc124\\ub0a0, \\ucd94\\uc11d \\ud734\\uad00)\\r\\n\\uc6d4\\uc694\\uc77c \\ud734\\ubb34\\r\\n\\r\\n#museum #\\uc548\\uc131\\ub9de\\ucda4\\ubc15\\ubb3c\\uad00 #\\ubc15\\ubb3c\\uad00 #tour #Koreanmuseum \"','[{\"image\":{\"name\":\"t9kfF_1490713846.jpeg\"}},{\"image\":{\"name\":\"prnoz_1490713846.jpeg\"}},{\"image\":{\"name\":\"Fh7tS_1490713846.jpeg\"}},{\"image\":{\"name\":\"zcFvV_1490713846.jpeg\"}},{\"image\":{\"name\":\"SEDKH_1490713846.jpeg\"}},{\"image\":{\"name\":\"lcEv6_1490713846.jpeg\"}},{\"image\":{\"name\":\"ZrtSo_1490713846.jpeg\"}},{\"image\":{\"name\":\"gbcQ9_1490713846.jpeg\"}},{\"image\":{\"name\":\"YrS2N_1490713846.jpeg\"}}]',NULL,1,NULL,'2017-03-28 15:11:02','2017-03-28 15:11:02',127.228297,'a:5:{i:0;s:7:\"#museum\";i:1;s:22:\"#안성맞춤박물관\";i:2;s:10:\"#박물관\";i:3;s:5:\"#tour\";i:4;s:13:\"#Koreanmuseum\";}'),(198,25,5,0,'Cafeteria ','',37.296904,NULL,'\"#food #healthy \"','[{\"image\":{\"name\":\"MSUlo_1490790983.jpeg\"}}]',NULL,1,NULL,'2017-03-29 12:36:30','2017-03-29 12:36:30',126.974627,'a:2:{i:0;s:5:\"#food\";i:1;s:8:\"#healthy\";}'),(199,25,34,0,'Prostitutes ','',37.295841,NULL,'\"#fun #cheap #happy #relax\"','[{\"image\":{\"name\":\"25yw6_1490791971.jpeg\"}}]',NULL,1,NULL,'2017-03-29 12:52:53','2017-03-29 12:52:53',126.975591,'a:4:{i:0;s:4:\"#fun\";i:1;s:6:\"#cheap\";i:2;s:6:\"#happy\";i:3;s:6:\"#relax\";}'),(205,5,9,0,'CGV movie theatre','',36.994327,NULL,'\"#CGV #cgv #movie #movietheatre #\\uc601\\ud654\\uad00 #\\uc601\\ud654       \\r\\n#\\uc18c\\uc0ac\\ubc8c #newmovie \"','[{\"image\":{\"name\":\"heLaq_1491195297.jpeg\"}}]',NULL,1,NULL,'2017-04-03 04:54:58','2017-04-03 04:54:58',127.111125,'a:8:{i:0;s:4:\"#CGV\";i:1;s:4:\"#cgv\";i:2;s:6:\"#movie\";i:3;s:13:\"#movietheatre\";i:4;s:10:\"#영화관\";i:5;s:7:\"#영화\";i:6;s:10:\"#소사벌\";i:7;s:9:\"#newmovie\";}'),(206,5,9,0,'CGV vision dong (비전동)','',36.995529,NULL,'\"#movie #movietheatre #\\uc601\\ud654 #\\uc601\\ud654\\uad00 #newmovie #pyeongtael\"','[{\"image\":{\"name\":\"wSrwb_1491195456.jpeg\"}}]',NULL,1,NULL,'2017-04-03 04:57:37','2017-04-03 04:57:37',127.112554,'a:6:{i:0;s:6:\"#movie\";i:1;s:13:\"#movietheatre\";i:2;s:7:\"#영화\";i:3;s:10:\"#영화관\";i:4;s:9:\"#newmovie\";i:5;s:11:\"#pyeongtael\";}'),(207,5,9,0,'Lotte cinema (movie theatre)','',37.066961,NULL,'\"#movietheatre #movie #fun #\\uc601\\ud654 #\\uc601\\ud654\\uad00 \"','[{\"image\":{\"name\":\"rJnyk_1491195822.jpeg\"}},{\"image\":{\"name\":\"45CdY_1491195823.jpeg\"}},{\"image\":{\"name\":\"y2TCH_1491195823.jpeg\"}}]',NULL,1,NULL,'2017-04-03 05:05:27','2017-04-03 05:05:27',127.060903,'a:5:{i:0;s:13:\"#movietheatre\";i:1;s:6:\"#movie\";i:2;s:4:\"#fun\";i:3;s:7:\"#영화\";i:4;s:10:\"#영화관\";}'),(209,5,9,0,'CGV movie theatre','',36.991015,NULL,'\"#movie #movietheatre #\\uc601\\ud654\\uad00 #\\uc601\\ud654 #pyenongtaek #\\ud3c9\\ud0dd \\r\\n\\r\\n\"','[{\"image\":{\"name\":\"3efHt_1491197379.jpeg\"}}]',NULL,1,NULL,'2017-04-03 05:29:44','2017-04-03 05:29:44',127.085666,'a:6:{i:0;s:6:\"#movie\";i:1;s:13:\"#movietheatre\";i:2;s:10:\"#영화관\";i:3;s:7:\"#영화\";i:4;s:12:\"#pyenongtaek\";i:5;s:7:\"#평택\";}'),(210,5,33,0,'7 eleven store','',36.959797,NULL,'\"#convenientstore #ramen #cigarette #snack #\\ud3b8\\uc758\\uc810 #\\ub2f4\\ubc30 #\\uc74c\\ub8cc\\uc218 #becerage #Camphumphreys #convenient\"','[{\"image\":{\"name\":\"bDE2U_1491281451.jpeg\"}},{\"image\":{\"name\":\"ER4vA_1491281451.jpeg\"}}]',NULL,1,NULL,'2017-04-04 04:50:54','2017-04-04 04:51:33',127.054317,'a:10:{i:0;s:16:\"#convenientstore\";i:1;s:6:\"#ramen\";i:2;s:10:\"#cigarette\";i:3;s:6:\"#snack\";i:4;s:10:\"#편의점\";i:5;s:7:\"#담배\";i:6;s:10:\"#음료수\";i:7;s:9:\"#becerage\";i:8;s:14:\"#Camphumphreys\";i:9;s:11:\"#convenient\";}'),(212,5,25,0,'Sinchang subwsy station(신창역)','',36.769265,NULL,'\"#Sinchang #sinchang #sinchangstation #subway #1\\ud638\\uc120 #firstline\"','[{\"image\":{\"name\":\"bOfc4_1491282843.jpeg\"}}]',NULL,1,NULL,'2017-04-04 05:14:38','2017-04-04 05:15:18',126.950644,'a:5:{i:0;s:9:\"#Sinchang\";i:1;s:9:\"#sinchang\";i:2;s:16:\"#sinchangstation\";i:3;s:7:\"#subway\";i:4;s:10:\"#firstline\";}'),(213,5,25,0,'Onyangoncheon subway station  (온양온천역)','',36.780333,NULL,'\"#Onyangoncheon #onyangoncheon #subway #1\\ud638\\uc120 #firstline #\\uc628\\uc591\\uc628\\ucc9c #\\uc628\\uc57c\\uc628\\ucc9c\\uc5ed\"','[{\"image\":{\"name\":\"mXvsX_1491283472.jpeg\"}}]',NULL,1,NULL,'2017-04-04 05:24:59','2017-04-04 05:25:30',127.003707,'a:6:{i:0;s:14:\"#Onyangoncheon\";i:1;s:14:\"#onyangoncheon\";i:2;s:7:\"#subway\";i:3;s:10:\"#firstline\";i:4;s:13:\"#온양온천\";i:5;s:16:\"#온야온천역\";}'),(214,5,25,0,'Cheonan-Asan subway station (천안아산역)','',36.795142,NULL,'\"#Cheonan-Asan #Cheonan-Asansubway #subway #1\\ud638\\uc120 #firstline #\\ucc9c\\uc548\\uc544\\uc0b0 #\\ucc9c\\uc548\\uc544\\uc0b0\\uc5ed\\uc5ed\"','[{\"image\":{\"name\":\"GUoCG_1491283764.jpeg\"}}]',NULL,1,NULL,'2017-04-04 05:30:47','2017-04-04 05:30:47',127.103916,'a:6:{i:0;s:8:\"#Cheonan\";i:1;s:8:\"#Cheonan\";i:2;s:7:\"#subway\";i:3;s:10:\"#firstline\";i:4;s:13:\"#천안아산\";i:5;s:19:\"#천안아산역역\";}'),(215,5,25,0,'Baebang subway station (배방역)','',36.777561,NULL,'\"#Baebang #baebang #baebangstation #baebangsubway #\\ubc30\\ubc29 #\\ubc30\\ubc29\\uc5ed #1\\ud638\\uc120 #firstlane\"','[{\"image\":{\"name\":\"7mFv4_1491284114.jpeg\"}}]',NULL,1,NULL,'2017-04-04 05:35:15','2017-04-04 05:35:15',127.052842,'a:7:{i:0;s:8:\"#Baebang\";i:1;s:8:\"#baebang\";i:2;s:15:\"#baebangstation\";i:3;s:14:\"#baebangsubway\";i:4;s:7:\"#배방\";i:5;s:10:\"#배방역\";i:6;s:10:\"#firstlane\";}'),(216,5,5,0,'순두부집','',36.960093,NULL,'\"#\\uc21c\\ub450\\ubd80 #\\ubc25\\uc9d1 #\\uc220\\uc9d1\\r\\n\"','[{\"image\":{\"name\":\"8zZO1_1491398133.jpeg\"}},{\"image\":{\"name\":\"WVAR4_1491398136.jpeg\"}},{\"image\":{\"name\":\"W6V6B_1491398136.jpeg\"}}]',NULL,1,NULL,'2017-04-05 13:15:55','2017-04-05 13:15:55',127.045182,'a:3:{i:0;s:10:\"#순두부\";i:1;s:7:\"#밥집\";i:2;s:7:\"#술집\";}'),(217,5,1,0,'Guest house bar','',36.960402,NULL,'\"#bar #guesthouse #beer #\\ub9e5\\uc8fc #\\uc704\\uc2a4\\ud0a4 #\\ubc14\\r\\n\"','[{\"image\":{\"name\":\"jUQBc_1491399054.jpeg\"}},{\"image\":{\"name\":\"A5Lq7_1491399055.jpeg\"}},{\"image\":{\"name\":\"S6rla_1491399056.jpeg\"}},{\"image\":{\"name\":\"UYHmA_1491399056.jpeg\"}}]',NULL,1,NULL,'2017-04-05 13:30:58','2017-04-05 13:30:58',127.045510,'a:6:{i:0;s:4:\"#bar\";i:1;s:11:\"#guesthouse\";i:2;s:5:\"#beer\";i:3;s:7:\"#맥주\";i:4;s:10:\"#위스키\";i:5;s:4:\"#바\";}'),(218,5,14,0,'JC Real Estate','',36.959080,NULL,'\"#realestate #realty #JCrealty #\\ubd80\\ub3d9\\uc0b0 #\\r\\nLooking for new house?\\r\\nCome visit to here!\\r\\nTel 031.692.2537\"','[{\"image\":{\"name\":\"uOgTL_1491465410.jpeg\"}},{\"image\":{\"name\":\"lITPM_1491465414.jpeg\"}},{\"image\":{\"name\":\"dugb6_1491465414.jpeg\"}},{\"image\":{\"name\":\"F8A2W_1491465414.jpeg\"}},{\"image\":{\"name\":\"Da1KC_1491465414.jpeg\"}}]',NULL,1,NULL,'2017-04-06 07:57:37','2017-04-06 07:57:37',127.043630,'a:4:{i:0;s:11:\"#realestate\";i:1;s:7:\"#realty\";i:2;s:9:\"#JCrealty\";i:3;s:10:\"#부동산\";}'),(219,5,14,0,'Crown Real Estate','',36.958553,NULL,'\"#realestate #realty #crown #crownrealestate #crownrealty #\\ubd80\\ub3d9\\uc0b0 # Looking for new house? Come visit to here! \"','[{\"image\":{\"name\":\"47oHd_1491466372.jpeg\"}},{\"image\":{\"name\":\"nwuRU_1491466373.jpeg\"}},{\"image\":{\"name\":\"t2QjQ_1491466373.jpeg\"}},{\"image\":{\"name\":\"hVh6b_1491466373.jpeg\"}},{\"image\":{\"name\":\"cNiTS_1491466373.jpeg\"}},{\"image\":{\"name\":\"73xsW_1491466374.jpeg\"}}]',NULL,1,NULL,'2017-04-06 08:12:58','2017-04-06 08:12:58',127.046065,'a:6:{i:0;s:11:\"#realestate\";i:1;s:7:\"#realty\";i:2;s:6:\"#crown\";i:3;s:16:\"#crownrealestate\";i:4;s:12:\"#crownrealty\";i:5;s:10:\"#부동산\";}'),(220,5,33,0,'Equipment store (like a dollar shop)','',36.960943,NULL,'\"But not a prices as dollar. They have a convenient goods for daily life such as rice pot or some broom and containers..etc,.\\r\\n#gear #equipment #broom #dailylifeproduct #\\ucca0\\ubb3c\\uc810 #dollarshop\"','[{\"image\":{\"name\":\"vtVav_1491479147.jpeg\"}},{\"image\":{\"name\":\"JjgCd_1491479147.jpeg\"}},{\"image\":{\"name\":\"G5Rho_1491479147.jpeg\"}}]',NULL,1,NULL,'2017-04-06 11:46:30','2017-04-06 11:46:30',127.045827,'a:6:{i:0;s:5:\"#gear\";i:1;s:10:\"#equipment\";i:2;s:6:\"#broom\";i:3;s:17:\"#dailylifeproduct\";i:4;s:10:\"#철물점\";i:5;s:11:\"#dollarshop\";}'),(221,5,33,0,'GS25 convenient store (편의점)','',36.964405,NULL,'\"#convenientstore #ramen #cigarette #snack #\\ud3b8\\uc758\\uc810 #\\ub2f4\\ubc30 #\\uc74c\\ub8cc\\uc218 #becerage #Camphumphreys #convenient\"','[{\"image\":{\"name\":\"S2CIz_1491480842.jpeg\"}}]',NULL,1,NULL,'2017-04-06 12:14:03','2017-04-06 12:14:03',127.048957,'a:10:{i:0;s:16:\"#convenientstore\";i:1;s:6:\"#ramen\";i:2;s:10:\"#cigarette\";i:3;s:6:\"#snack\";i:4;s:10:\"#편의점\";i:5;s:7:\"#담배\";i:6;s:10:\"#음료수\";i:7;s:9:\"#becerage\";i:8;s:14:\"#Camphumphreys\";i:9;s:11:\"#convenient\";}'),(222,5,1,0,'Beerzip','',36.958936,NULL,'\"#beer #pyeongtaek #bar \"','[{\"image\":{\"name\":\"tuSMP_1491628961.jpeg\"}},{\"image\":{\"name\":\"pqIM9_1491628963.jpeg\"}},{\"image\":{\"name\":\"qazzz_1491628963.jpeg\"}},{\"image\":{\"name\":\"BzJSi_1491628963.jpeg\"}},{\"image\":{\"name\":\"L8f65_1491628964.jpeg\"}},{\"image\":{\"name\":\"oNNni_1491628964.jpeg\"}}]',NULL,1,NULL,'2017-04-08 05:23:10','2017-04-08 05:23:10',127.045527,'a:3:{i:0;s:5:\"#beer\";i:1;s:11:\"#pyeongtaek\";i:2;s:4:\"#bar\";}'),(223,5,1,0,'test','',36.580247,NULL,'\"test\"','[{\"image\":{\"name\":\"tuSMP_1491628961.jpeg\"}},{\"image\":{\"name\":\"pqIM9_1491628963.jpeg\"}},{\"image\":{\"name\":\"qazzz_1491628963.jpeg\"}},{\"image\":{\"name\":\"BzJSi_1491628963.jpeg\"}},{\"image\":{\"name\":\"L8f65_1491628964.jpeg\"}}]',NULL,1,NULL,'2017-04-09 05:40:19','2017-04-09 05:40:19',127.957764,'a:0:{}'),(224,5,7,0,'Test for change','',36.959511,NULL,'\"#change\\r\\n\"','[{\"image\":{\"name\":\"B0F9X_1491783904.jpeg\"}},{\"image\":{\"name\":\"HgRAM_1491783905.jpeg\"}},{\"image\":{\"name\":\"71FQG_1491783905.jpeg\"}},{\"image\":{\"name\":\"NjgWE_1491783905.jpeg\"}}]',NULL,1,NULL,'2017-04-10 00:25:57','2017-04-10 00:25:57',127.045381,'a:1:{i:0;s:7:\"#change\";}'),(225,5,1,0,'Mexican food','',36.958998,NULL,'\"#burrito #food #Camphumphreys #taco\\r\\n#burger\"','[{\"image\":{\"name\":\"Lobuy_1491805897.jpeg\"}},{\"image\":{\"name\":\"HoL8e_1491805898.jpeg\"}}]',NULL,1,NULL,'2017-04-10 06:31:57','2017-04-10 06:31:57',127.045641,'a:5:{i:0;s:8:\"#burrito\";i:1;s:5:\"#food\";i:2;s:14:\"#Camphumphreys\";i:3;s:5:\"#taco\";i:4;s:7:\"#burger\";}'),(226,5,26,0,'계양','',36.949707,NULL,'\"#\\uacc4\\uc591\"','[{\"image\":{\"name\":\"SVJrn_1491884025.jpeg\"}}]',NULL,1,NULL,'2017-04-11 04:13:46','2017-04-11 04:13:46',127.016780,'a:1:{i:0;s:7:\"#계양\";}'),(228,5,35,0,'Test','',36.959586,NULL,'\"#test \"','[{\"image\":{\"name\":\"GnFHY_1491924270.jpeg\"}}]',NULL,1,NULL,'2017-04-11 15:24:47','2017-04-11 15:24:47',127.045360,'a:1:{i:0;s:5:\"#test\";}'),(229,5,5,0,'Mirak grilled fish','',34.867717,NULL,'\"#fish #grilledfish #\\uc0dd\\uc120\\uad6c\\uc774 #\\uc0dd\\uc120 #\\ubc25\\uc9d1 #Koreanrestaurant \"','[{\"image\":{\"name\":\"wULoe_1492058390.jpeg\"}},{\"image\":{\"name\":\"crLF3_1492058390.jpeg\"}},{\"image\":{\"name\":\"dJhFD_1492058390.jpeg\"}},{\"image\":{\"name\":\"IYdF2_1492058390.jpeg\"}},{\"image\":{\"name\":\"aomBU_1492058390.jpeg\"}}]',NULL,1,NULL,'2017-04-13 04:39:54','2017-04-13 04:39:54',128.635134,'a:6:{i:0;s:5:\"#fish\";i:1;s:12:\"#grilledfish\";i:2;s:13:\"#생선구이\";i:3;s:7:\"#생선\";i:4;s:7:\"#밥집\";i:5;s:17:\"#Koreanrestaurant\";}'),(230,5,1,0,'Shelter pub','',34.890026,NULL,'\"#pub #bar #geoje #okpo #sportsbar #beer #craftbeer #fun #\\ud38d #\\uc218\\uc81c\\ub9e5\\uc8fc #\\uc5d0\\uc77c\\ub9e5\\uc8fc #\\ub9e5\\uc8fc\\r\\n#\\uc625\\ud3ec #\\uac70\\uc81c\\ub3c4 #\\uac70\\uc81c\"','[{\"image\":{\"name\":\"JBfj1_1492088310.jpeg\"}},{\"image\":{\"name\":\"0nP9X_1492088311.jpeg\"}},{\"image\":{\"name\":\"JfJb4_1492088311.jpeg\"}}]',NULL,1,NULL,'2017-04-13 12:58:33','2017-04-13 12:58:33',128.692254,'a:15:{i:0;s:4:\"#pub\";i:1;s:4:\"#bar\";i:2;s:6:\"#geoje\";i:3;s:5:\"#okpo\";i:4;s:10:\"#sportsbar\";i:5;s:5:\"#beer\";i:6;s:10:\"#craftbeer\";i:7;s:4:\"#fun\";i:8;s:4:\"#펍\";i:9;s:13:\"#수제맥주\";i:10;s:13:\"#에일맥주\";i:11;s:7:\"#맥주\";i:12;s:7:\"#옥포\";i:13;s:10:\"#거제도\";i:14;s:7:\"#거제\";}'),(233,5,3,0,'Cafe New Moon','',34.860235,NULL,'\"#coffee #cafe #view #goodview #latte #coffeshop #geoje #\\ucee4\\ud53c\\uc20d #\\ucee4\\ud53c #\\ub77c\\ub5bc\"','[{\"image\":{\"name\":\"uLwZJ_1492149732.jpeg\"}},{\"image\":{\"name\":\"9bd9C_1492149732.jpeg\"}},{\"image\":{\"name\":\"KqiUa_1492149734.jpeg\"}},{\"image\":{\"name\":\"0Fc5H_1492149735.jpeg\"}},{\"image\":{\"name\":\"1Ykug_1492149735.jpeg\"}},{\"image\":{\"name\":\"Vf5GZ_1492149737.jpeg\"}}]',NULL,1,NULL,'2017-04-14 06:02:27','2017-04-14 06:02:27',128.657203,'a:10:{i:0;s:7:\"#coffee\";i:1;s:5:\"#cafe\";i:2;s:5:\"#view\";i:3;s:9:\"#goodview\";i:4;s:6:\"#latte\";i:5;s:10:\"#coffeshop\";i:6;s:6:\"#geoje\";i:7;s:10:\"#커피숍\";i:8;s:7:\"#커피\";i:9;s:7:\"#라떼\";}'),(236,5,22,0,'Osiria Lotte Outlet (오시리아 롯데몰)','',35.192330,NULL,'\"#\\uc624\\uc2dc\\ub9ac\\uc544 #\\ub86f\\ub370\\ubab0 #lottemall #lotteoutlet #lotte #mall #osiriasubway\\r\\nThis outlet is great location to shop.\\r\\nCome over to check it out \\r\\n\\r\\nTake off the train station which Osiria station (\\uc624\\uc2dc\\ub9ac\\uc544\\uc5ed) and 5mininut walk to get there\"','[{\"image\":{\"name\":\"TxIWb_1492228093.jpeg\"}},{\"image\":{\"name\":\"yCyM5_1492228093.jpeg\"}},{\"image\":{\"name\":\"KfeIU_1492228094.jpeg\"}}]',NULL,1,NULL,'2017-04-15 03:48:57','2017-04-15 03:48:57',129.212299,'a:7:{i:0;s:13:\"#오시리아\";i:1;s:10:\"#롯데몰\";i:2;s:10:\"#lottemall\";i:3;s:12:\"#lotteoutlet\";i:4;s:6:\"#lotte\";i:5;s:5:\"#mall\";i:6;s:13:\"#osiriasubway\";}'),(237,39,5,0,'찜닭 백숙(단물고물)','',36.580247,NULL,'\"#chicken #boiledchicken #\\ubc31\\uc219 #\\ucc1c\\ub2ed ###\"','[{\"image\":{\"name\":\"k3h8J_1492340370.jpeg\"}},{\"image\":{\"name\":\"yfrbb_1492340391.jpeg\"}},{\"image\":{\"name\":\"zJpIB_1492340394.jpeg\"}},{\"image\":{\"name\":\"uOiEU_1492340398.jpeg\"}}]',NULL,1,NULL,'2017-04-16 11:00:15','2017-04-16 11:00:15',127.957764,'a:4:{i:0;s:8:\"#chicken\";i:1;s:14:\"#boiledchicken\";i:2;s:7:\"#백숙\";i:3;s:7:\"#찜닭\";}'),(238,5,26,0,'GEOJE International Center','',34.891695,NULL,'\"#Geoje #internationalcenter #help #info #\\uad6d\\uc81c\\uad50\\ub958\\uc13c\\ud130 \"','[{\"image\":{\"name\":\"63dHA_1492396492.jpeg\"}},{\"image\":{\"name\":\"btPeI_1492396492.jpeg\"}},{\"image\":{\"name\":\"tIKVO_1492396492.jpeg\"}},{\"image\":{\"name\":\"im4Sv_1492396493.jpeg\"}},{\"image\":{\"name\":\"5wFJ1_1492396493.jpeg\"}}]',NULL,1,NULL,'2017-04-17 02:34:57','2017-04-17 02:34:57',128.692500,'a:5:{i:0;s:6:\"#Geoje\";i:1;s:20:\"#internationalcenter\";i:2;s:5:\"#help\";i:3;s:5:\"#info\";i:4;s:19:\"#국제교류센터\";}'),(239,5,22,0,'Coex north gate (코엑스북문)','',37.513884,NULL,'\"#coex #\\ucf54\\uc5d1\\uc2a4 \"','[{\"image\":{\"name\":\"UcEId_1492586863.jpeg\"}},{\"image\":{\"name\":\"lUidT_1492586863.jpeg\"}},{\"image\":{\"name\":\"Mp7xM_1492586863.jpeg\"}}]',NULL,1,NULL,'2017-04-19 07:27:46','2017-04-19 07:28:21',127.058677,'a:2:{i:0;s:5:\"#coex\";i:1;s:10:\"#코엑스\";}'),(242,5,5,0,'Juicy BURGER & Fries ','',36.959386,NULL,'\"#burger #fries #Camphumphreys #hamburger #food #westurnfood #bacon\\r\\n#cheeseburger\\r\\nThis is kind of Five Guys style burger! \\r\\nSo delicious!\"','[{\"image\":{\"name\":\"23NUY_1493560928.jpeg\"}},{\"image\":{\"name\":\"mruPz_1493560928.jpeg\"}},{\"image\":{\"name\":\"V2qwy_1493560929.jpeg\"}},{\"image\":{\"name\":\"0afco_1493560929.jpeg\"}},{\"image\":{\"name\":\"cB9qQ_1493560929.jpeg\"}},{\"image\":{\"name\":\"9ZcwO_1493561260.jpeg\"}}]',NULL,1,NULL,'2017-04-30 14:04:25','2017-04-30 14:07:48',127.043549,'a:8:{i:0;s:7:\"#burger\";i:1;s:6:\"#fries\";i:2;s:14:\"#Camphumphreys\";i:3;s:10:\"#hamburger\";i:4;s:5:\"#food\";i:5;s:12:\"#westurnfood\";i:6;s:6:\"#bacon\";i:7;s:13:\"#cheeseburger\";}'),(243,5,3,0,'Coffee twosome','',36.960550,NULL,'\"#coffee #latte #dessert #americano \\r\\nThis is one of the cozy coffee shop in Camp Humphreys area.\"','[{\"image\":{\"name\":\"vJgo2_1493620240.jpeg\"}},{\"image\":{\"name\":\"dhWTv_1493620240.jpeg\"}},{\"image\":{\"name\":\"9LUcz_1493620240.jpeg\"}}]',NULL,1,NULL,'2017-05-01 06:30:52','2017-05-01 06:30:52',127.058475,'a:4:{i:0;s:7:\"#coffee\";i:1;s:6:\"#latte\";i:2;s:8:\"#dessert\";i:3;s:10:\"#americano\";}'),(244,5,3,0,'Coffeshop (twosome place)','',36.960601,NULL,'\"#coffee #latte #americano #caramelmachiatto #\\uce74\\ub77c\\uba5c\\ub9c8\\ud0a4\\uc544\\ub610 #\\ucee4\\ud53c\\r\\n#\\uc74c\\ub8cc\\uc218 #\\ucee4\\ud53c\\ud55c\\uc794\\r\\n\"','[{\"image\":{\"name\":\"Pp3H8_1493622213.jpeg\"}},{\"image\":{\"name\":\"tWQvW_1493622213.jpeg\"}},{\"image\":{\"name\":\"fgz4A_1493622213.jpeg\"}},{\"image\":{\"name\":\"0nG1N_1493622239.jpeg\"}},{\"image\":{\"name\":\"mCPVV_1493622240.jpeg\"}}]',NULL,1,NULL,'2017-05-01 07:04:08','2017-05-01 07:04:08',127.058261,'a:8:{i:0;s:7:\"#coffee\";i:1;s:6:\"#latte\";i:2;s:10:\"#americano\";i:3;s:17:\"#caramelmachiatto\";i:4;s:22:\"#카라멜마키아또\";i:5;s:7:\"#커피\";i:6;s:10:\"#음료수\";i:7;s:13:\"#커피한잔\";}'),(245,5,3,0,'Coffee twosome place','',36.960207,NULL,'\"You can hashtag on your business or that business that you been.\\r\\n#coffee #latte #\\ucee4\\ud53c #\\ub77c\\ub5bc #\\u3041\\u3063\\u3066 you can put any language with hash tag\\r\\n\"','[{\"image\":{\"name\":\"bwFqu_1493623204.jpeg\"}},{\"image\":{\"name\":\"ZcXn5_1493623204.jpeg\"}},{\"image\":{\"name\":\"kGsy7_1493623204.jpeg\"}},{\"image\":{\"name\":\"lu0hK_1493623205.jpeg\"}},{\"image\":{\"name\":\"lSFVC_1493623221.jpeg\"}},{\"image\":{\"name\":\"epeqQ_1493623221.jpeg\"}},{\"image\":{\"name\":\"TXIB2_1493623222.jpeg\"}}]',NULL,1,NULL,'2017-05-01 07:20:34','2017-05-01 07:20:34',127.058556,'a:5:{i:0;s:7:\"#coffee\";i:1;s:6:\"#latte\";i:2;s:7:\"#커피\";i:3;s:7:\"#라떼\";i:4;s:10:\"#ぁって\";}'),(246,5,3,0,'Coffee twosome place','',36.960687,NULL,'\"You can hash tag on any business\\r\\n#coffee #latte #\\ucee4\\ud53c #\\ub77c\\ub5bc #\\u3041\\u3063\\u3066 any language  \\r\\n\\r\\nYou don\'t have to search the location\\r\\nYou can just click the gp s icon.\"','[{\"image\":{\"name\":\"i8aIN_1493623566.jpeg\"}},{\"image\":{\"name\":\"dXv7c_1493623566.jpeg\"}},{\"image\":{\"name\":\"4PcWq_1493623566.jpeg\"}},{\"image\":{\"name\":\"L60e8_1493623586.jpeg\"}},{\"image\":{\"name\":\"N25NA_1493623586.jpeg\"}}]',NULL,1,NULL,'2017-05-01 07:27:18','2017-05-01 07:27:18',127.058523,'a:5:{i:0;s:7:\"#coffee\";i:1;s:6:\"#latte\";i:2;s:7:\"#커피\";i:3;s:7:\"#라떼\";i:4;s:10:\"#ぁって\";}'),(247,5,15,0,'Costco','',36.842771,NULL,'\"#costco #foodcourt near in cheonan \\r\\nExactly same as costco in US\"','[{\"image\":{\"name\":\"zuhRE_1493794637.jpeg\"}},{\"image\":{\"name\":\"6TOf7_1493794637.jpeg\"}},{\"image\":{\"name\":\"sFWnb_1493794638.jpeg\"}},{\"image\":{\"name\":\"at0PN_1493794638.jpeg\"}},{\"image\":{\"name\":\"961LJ_1493794638.jpeg\"}},{\"image\":{\"name\":\"LJdpD_1493794638.jpeg\"}},{\"image\":{\"name\":\"pyMvl_1493794638.jpeg\"}},{\"image\":{\"name\":\"FbrtV_1493794638.jpeg\"}},{\"image\":{\"name\":\"cswNS_1493794638.jpeg\"}},{\"image\":{\"name\":\"YSzD2_1493794638.jpeg\"}}]',NULL,1,NULL,'2017-05-03 06:58:15','2017-05-03 06:58:15',127.104251,'a:2:{i:0;s:7:\"#costco\";i:1;s:10:\"#foodcourt\";}'),(248,1,6,0,'Test','',37.297285,NULL,'\"Test\"','[{\"image\":{\"name\":\"BjNPk_1494070492.jpeg\"}}]',NULL,1,NULL,'2017-05-06 11:34:58','2017-05-06 11:34:58',126.978624,'a:0:{}'),(249,25,5,0,'Cachorrão do Faustão ','',37.295801,NULL,'\"#food\"','[{\"image\":{\"name\":\"dWiJ3_1494157466.jpeg\"}}]',NULL,1,NULL,'2017-05-07 11:44:35','2017-05-07 11:44:35',126.975897,'a:1:{i:0;s:5:\"#food\";}'),(250,1,6,0,'Ter','',37.298900,NULL,'\"Tesr\"','[{\"image\":{\"name\":\"DGK2q_1494377384.jpeg\"}},{\"image\":{\"name\":\"YurOZ_1494377384.jpeg\"}},{\"image\":{\"name\":\"O3rWr_1494377384.jpeg\"}},{\"image\":{\"name\":\"E6vmz_1494377384.jpeg\"}}]',NULL,1,NULL,'2017-05-10 00:49:50','2017-05-10 00:49:50',126.975092,'a:0:{}'),(251,39,5,0,'Juicy burger and fries ','',36.959431,NULL,'\"#burger #fries #bacon #\\ud584\\ubc84\\uac70\"','[{\"image\":{\"name\":\"DhZLL_1494493833.jpeg\"}},{\"image\":{\"name\":\"yIhvs_1494493834.jpeg\"}},{\"image\":{\"name\":\"TXW4D_1494493839.jpeg\"}},{\"image\":{\"name\":\"9pgOb_1494493839.jpeg\"}},{\"image\":{\"name\":\"FkTy9_1494493839.jpeg\"}},{\"image\":{\"name\":\"kbyPd_1494493839.jpeg\"}},{\"image\":{\"name\":\"TsrCV_1494493839.jpeg\"}}]',NULL,1,NULL,'2017-05-11 09:11:28','2017-05-11 09:11:28',127.043522,'a:4:{i:0;s:7:\"#burger\";i:1;s:6:\"#fries\";i:2;s:6:\"#bacon\";i:3;s:10:\"#햄버거\";}'),(252,6,5,0,'This is best burger','',36.959440,NULL,'\"#Juicyburger  #fries #westurnfood #coke \"','[{\"image\":{\"name\":\"QyRML_1494650695.jpeg\"}},{\"image\":{\"name\":\"DC6gy_1494650696.jpeg\"}},{\"image\":{\"name\":\"EeHG2_1494650696.jpeg\"}},{\"image\":{\"name\":\"NGwnk_1494650696.jpeg\"}},{\"image\":{\"name\":\"wJzp9_1494650696.jpeg\"}},{\"image\":{\"name\":\"GH4lO_1494650697.jpeg\"}},{\"image\":{\"name\":\"g7oHK_1494650697.jpeg\"}},{\"image\":{\"name\":\"MJeuq_1494650697.jpeg\"}}]',NULL,1,NULL,'2017-05-13 04:46:12','2017-05-13 04:46:12',127.043641,'a:4:{i:0;s:12:\"#Juicyburger\";i:1;s:6:\"#fries\";i:2;s:12:\"#westurnfood\";i:3;s:5:\"#coke\";}'),(253,6,5,0,'Bone soup (뼈다귀 해장국)','',36.960434,NULL,'\"#bonesoup #Bonesoup #\\ubf08\\ub2e4\\uadc0\\ud574\\uc7a5\\uad6d #\\ud574\\uc7a5\\uad6d \\r\\n\"','[{\"image\":{\"name\":\"mjSLd_1494673962.jpeg\"}},{\"image\":{\"name\":\"8trgP_1494673962.jpeg\"}},{\"image\":{\"name\":\"qKziQ_1494673963.jpeg\"}},{\"image\":{\"name\":\"V9jup_1494673963.jpeg\"}},{\"image\":{\"name\":\"slNfS_1494673963.jpeg\"}},{\"image\":{\"name\":\"TKP0I_1494673963.jpeg\"}}]',NULL,1,NULL,'2017-05-13 11:13:31','2017-05-13 11:13:31',127.048576,'a:4:{i:0;s:9:\"#bonesoup\";i:1;s:9:\"#Bonesoup\";i:2;s:19:\"#뼈다귀해장국\";i:3;s:10:\"#해장국\";}'),(254,5,3,0,'Twosome place coffee ','',36.960504,NULL,'\"#coffee #latte #americano \\r\\nI like this place so cozy and calm.\\r\\n#\\ucee4\\ud53c #\\ub77c\\ub5bc #\\uc544\\uba54\\ub9ac\\uce74\\ub178\"','[{\"image\":{\"name\":\"iPdHX_1495020084.jpeg\"}},{\"image\":{\"name\":\"Lc4pz_1495020084.jpeg\"}},{\"image\":{\"name\":\"i8G8T_1495020084.jpeg\"}},{\"image\":{\"name\":\"zPyps_1495020084.jpeg\"}}]',NULL,1,NULL,'2017-05-17 11:21:52','2017-05-17 11:21:52',127.058558,'a:6:{i:0;s:7:\"#coffee\";i:1;s:6:\"#latte\";i:2;s:10:\"#americano\";i:3;s:7:\"#커피\";i:4;s:7:\"#라떼\";i:5;s:16:\"#아메리카노\";}');
/*!40000 ALTER TABLE `ads` ENABLE KEYS */;
UNLOCK TABLES;

--
-- Table structure for table `comments`
--

DROP TABLE IF EXISTS `comments`;
/*!40101 SET @saved_cs_client     = @@character_set_client */;
/*!40101 SET character_set_client = utf8 */;
CREATE TABLE `comments` (
  `id` int(10) unsigned NOT NULL AUTO_INCREMENT,
  `user_id` int(11) NOT NULL,
  `post_id` int(11) NOT NULL,
  `comment` text COLLATE utf8_unicode_ci NOT NULL,
  `status` tinyint(4) DEFAULT NULL,
  `created_at` timestamp NOT NULL DEFAULT '0000-00-00 00:00:00',
  `updated_at` timestamp NOT NULL DEFAULT '0000-00-00 00:00:00',
  PRIMARY KEY (`id`)
) ENGINE=InnoDB AUTO_INCREMENT=53 DEFAULT CHARSET=utf8 COLLATE=utf8_unicode_ci;
/*!40101 SET character_set_client = @saved_cs_client */;

--
-- Dumping data for table `comments`
--

LOCK TABLES `comments` WRITE;
/*!40000 ALTER TABLE `comments` DISABLE KEYS */;
INSERT INTO `comments` VALUES (8,1,36,'Test comment 3',1,'2017-02-10 18:23:00','2017-02-10 18:23:00'),(21,1,60,'xxxx',1,'2017-02-11 12:16:56','2017-02-11 12:16:56'),(24,5,67,'Test',1,'2017-02-12 09:26:55','2017-02-12 09:26:55'),(26,41,74,'Jose is here',1,'2017-02-13 12:41:05','2017-02-13 12:41:05'),(30,5,128,'Ttttttest 테스트',1,'2017-02-28 08:10:00','2017-02-28 08:10:00'),(31,5,137,'Nice view and good coffee.',1,'2017-03-02 09:52:43','2017-03-02 09:52:43'),(32,5,14,'Best bar ever.',1,'2017-03-03 12:38:21','2017-03-03 12:38:21'),(33,5,157,'Good food delicious \n',1,'2017-03-07 12:43:33','2017-03-07 12:43:33'),(34,5,164,'Nice',1,'2017-03-10 01:56:01','2017-03-10 01:56:01'),(35,5,27,'Good coffee and very cozy\n',1,'2017-03-10 07:27:16','2017-03-10 07:27:16'),(36,17,173,'Nice place thanks',1,'2017-03-12 10:31:21','2017-03-12 10:31:21'),(38,5,176,'Best coffee and view!',1,'2017-03-16 09:53:41','2017-03-16 09:53:41'),(40,17,184,'Test review.',1,'2017-03-27 13:10:24','2017-03-27 13:10:24'),(41,17,185,'Tests ',1,'2017-03-27 13:11:47','2017-03-27 13:11:47'),(42,5,147,'You can writing review. ',1,'2017-03-30 09:38:14','2017-03-30 09:38:14'),(43,5,224,'Góod',1,'2017-04-10 00:30:09','2017-04-10 00:30:09'),(44,25,182,'Let\'s go there ',1,'2017-04-10 06:03:41','2017-04-10 06:03:41'),(45,1,223,'dasd',1,'2017-04-29 12:41:53','2017-04-29 12:41:53'),(46,5,17,'Test',1,'2017-04-30 14:11:55','2017-04-30 14:11:55'),(47,5,166,'Cheap and good coffee ',1,'2017-05-01 06:23:05','2017-05-01 06:23:05'),(48,5,244,'Writing review ',1,'2017-05-01 07:05:23','2017-05-01 07:05:23'),(49,5,246,'Writing review ',1,'2017-05-01 07:28:26','2017-05-01 07:28:26'),(50,5,247,'Fantastic shopping ',1,'2017-05-03 06:58:56','2017-05-03 06:58:56'),(51,39,242,'Delicious burger in this town!!',1,'2017-05-14 15:06:27','2017-05-14 15:06:27'),(52,5,152,'Cheap and good fried chicken',1,'2017-05-17 11:27:25','2017-05-17 11:27:25');
/*!40000 ALTER TABLE `comments` ENABLE KEYS */;
UNLOCK TABLES;

--
-- Table structure for table `conv_msgs`
--

DROP TABLE IF EXISTS `conv_msgs`;
/*!40101 SET @saved_cs_client     = @@character_set_client */;
/*!40101 SET character_set_client = utf8 */;
CREATE TABLE `conv_msgs` (
  `id` int(10) unsigned NOT NULL AUTO_INCREMENT,
  `user_id` int(11) NOT NULL,
  `conv_id` int(11) NOT NULL,
  `message` text COLLATE utf8_unicode_ci NOT NULL,
  `ip` varchar(255) COLLATE utf8_unicode_ci DEFAULT NULL,
  `status` tinyint(4) DEFAULT NULL,
  `deleted_at` timestamp NULL DEFAULT NULL,
  `created_at` timestamp NOT NULL DEFAULT '0000-00-00 00:00:00',
  `updated_at` timestamp NOT NULL DEFAULT '0000-00-00 00:00:00',
  PRIMARY KEY (`id`)
) ENGINE=InnoDB AUTO_INCREMENT=10 DEFAULT CHARSET=utf8 COLLATE=utf8_unicode_ci;
/*!40101 SET character_set_client = @saved_cs_client */;

--
-- Dumping data for table `conv_msgs`
--

LOCK TABLES `conv_msgs` WRITE;
/*!40000 ALTER TABLE `conv_msgs` DISABLE KEYS */;
INSERT INTO `conv_msgs` VALUES (1,1,1,'hello example',NULL,1,NULL,'0000-00-00 00:00:00','0000-00-00 00:00:00'),(2,2,1,'hi coop',NULL,1,NULL,'0000-00-00 00:00:00','0000-00-00 00:00:00'),(3,1,1,'how are you example?',NULL,1,NULL,'0000-00-00 00:00:00','0000-00-00 00:00:00'),(4,1,1,'and hows life example?',NULL,1,NULL,'0000-00-00 00:00:00','0000-00-00 00:00:00'),(5,2,1,'good coop',NULL,1,NULL,'0000-00-00 00:00:00','0000-00-00 00:00:00'),(6,2,1,'how about you coop?',NULL,1,NULL,'0000-00-00 00:00:00','0000-00-00 00:00:00'),(7,1,1,'what???LOL ',NULL,1,NULL,'0000-00-00 00:00:00','0000-00-00 00:00:00'),(8,1,2,'Hello Example 2...',NULL,1,NULL,'0000-00-00 00:00:00','0000-00-00 00:00:00'),(9,3,2,'Hello Pedram',NULL,1,NULL,'0000-00-00 00:00:00','0000-00-00 00:00:00');
/*!40000 ALTER TABLE `conv_msgs` ENABLE KEYS */;
UNLOCK TABLES;

--
-- Table structure for table `convs`
--

DROP TABLE IF EXISTS `convs`;
/*!40101 SET @saved_cs_client     = @@character_set_client */;
/*!40101 SET character_set_client = utf8 */;
CREATE TABLE `convs` (
  `id` int(10) unsigned NOT NULL AUTO_INCREMENT,
  `user_one` int(11) NOT NULL,
  `user_two` int(11) NOT NULL,
  `ip` varchar(255) COLLATE utf8_unicode_ci DEFAULT NULL,
  `status` tinyint(4) DEFAULT NULL,
  `deleted_at` timestamp NULL DEFAULT NULL,
  `created_at` timestamp NOT NULL DEFAULT '0000-00-00 00:00:00',
  `updated_at` timestamp NOT NULL DEFAULT '0000-00-00 00:00:00',
  PRIMARY KEY (`id`)
) ENGINE=InnoDB AUTO_INCREMENT=3 DEFAULT CHARSET=utf8 COLLATE=utf8_unicode_ci;
/*!40101 SET character_set_client = @saved_cs_client */;

--
-- Dumping data for table `convs`
--

LOCK TABLES `convs` WRITE;
/*!40000 ALTER TABLE `convs` DISABLE KEYS */;
INSERT INTO `convs` VALUES (1,1,2,NULL,1,NULL,'0000-00-00 00:00:00','0000-00-00 00:00:00'),(2,1,3,NULL,1,NULL,'0000-00-00 00:00:00','0000-00-00 00:00:00');
/*!40000 ALTER TABLE `convs` ENABLE KEYS */;
UNLOCK TABLES;

--
-- Table structure for table `migrations`
--

DROP TABLE IF EXISTS `migrations`;
/*!40101 SET @saved_cs_client     = @@character_set_client */;
/*!40101 SET character_set_client = utf8 */;
CREATE TABLE `migrations` (
  `migration` varchar(255) COLLATE utf8_unicode_ci NOT NULL,
  `batch` int(11) NOT NULL
) ENGINE=InnoDB DEFAULT CHARSET=utf8 COLLATE=utf8_unicode_ci;
/*!40101 SET character_set_client = @saved_cs_client */;

--
-- Dumping data for table `migrations`
--

LOCK TABLES `migrations` WRITE;
/*!40000 ALTER TABLE `migrations` DISABLE KEYS */;
INSERT INTO `migrations` VALUES ('2014_10_12_000000_create_users_table',1),('2014_10_12_100000_create_password_resets_table',1),('2015_09_14_043442_create_admins_table',1),('2015_09_14_071343_create_roles_table',1),('2015_09_14_071416_create_permission_table',1),('2015_09_14_071830_create_permission_role_table',1),('2015_09_14_072217_create_roleUser_table',1),('2015_10_10_172631_create_pages_table',1),('2016_02_28_132542_create-conversations-table',1),('2016_02_28_133400_create-conversation-messages-table',1),('2016_02_28_140439_create-relationships-table',1),('2016_03_05_043548_create-ads-table',1),('2016_03_11_194453_create-wishlist-table',1),('2016_09_15_150000_create-reviews-table',2),('2016_10_28_175606_add_api_token_to_users_table',3),('2016_11_19_160249_add_lng_to_ads_table',4),('2017_02_08_100537_create_comments_table',5),('2017_02_28_041000_add_hashtag_to_ads_table',6);
/*!40000 ALTER TABLE `migrations` ENABLE KEYS */;
UNLOCK TABLES;

--
-- Table structure for table `pages`
--

DROP TABLE IF EXISTS `pages`;
/*!40101 SET @saved_cs_client     = @@character_set_client */;
/*!40101 SET character_set_client = utf8 */;
CREATE TABLE `pages` (
  `id` int(10) unsigned NOT NULL AUTO_INCREMENT,
  `title` varchar(255) COLLATE utf8_unicode_ci NOT NULL,
  `description` text COLLATE utf8_unicode_ci NOT NULL,
  `slider_images` text COLLATE utf8_unicode_ci NOT NULL,
  `param_one` varchar(25) COLLATE utf8_unicode_ci DEFAULT NULL,
  `param_two` varchar(15) COLLATE utf8_unicode_ci DEFAULT NULL,
  `url` varchar(255) COLLATE utf8_unicode_ci DEFAULT NULL,
  `status` tinyint(4) DEFAULT NULL,
  `created_at` timestamp NOT NULL DEFAULT '0000-00-00 00:00:00',
  `updated_at` timestamp NOT NULL DEFAULT '0000-00-00 00:00:00',
  PRIMARY KEY (`id`)
) ENGINE=InnoDB DEFAULT CHARSET=utf8 COLLATE=utf8_unicode_ci;
/*!40101 SET character_set_client = @saved_cs_client */;

--
-- Dumping data for table `pages`
--

LOCK TABLES `pages` WRITE;
/*!40000 ALTER TABLE `pages` DISABLE KEYS */;
/*!40000 ALTER TABLE `pages` ENABLE KEYS */;
UNLOCK TABLES;

--
-- Table structure for table `password_resets`
--

DROP TABLE IF EXISTS `password_resets`;
/*!40101 SET @saved_cs_client     = @@character_set_client */;
/*!40101 SET character_set_client = utf8 */;
CREATE TABLE `password_resets` (
  `email` varchar(255) COLLATE utf8_unicode_ci NOT NULL,
  `token` varchar(255) COLLATE utf8_unicode_ci NOT NULL,
  `created_at` timestamp NOT NULL DEFAULT '0000-00-00 00:00:00',
  KEY `password_resets_email_index` (`email`),
  KEY `password_resets_token_index` (`token`)
) ENGINE=InnoDB DEFAULT CHARSET=utf8 COLLATE=utf8_unicode_ci;
/*!40101 SET character_set_client = @saved_cs_client */;

--
-- Dumping data for table `password_resets`
--

LOCK TABLES `password_resets` WRITE;
/*!40000 ALTER TABLE `password_resets` DISABLE KEYS */;
/*!40000 ALTER TABLE `password_resets` ENABLE KEYS */;
UNLOCK TABLES;

--
-- Table structure for table `permission_role`
--

DROP TABLE IF EXISTS `permission_role`;
/*!40101 SET @saved_cs_client     = @@character_set_client */;
/*!40101 SET character_set_client = utf8 */;
CREATE TABLE `permission_role` (
  `id` int(10) unsigned NOT NULL AUTO_INCREMENT,
  `permission_id` int(11) NOT NULL,
  `role_id` int(11) NOT NULL,
  `deleted_at` timestamp NULL DEFAULT NULL,
  `created_at` timestamp NOT NULL DEFAULT '0000-00-00 00:00:00',
  `updated_at` timestamp NOT NULL DEFAULT '0000-00-00 00:00:00',
  PRIMARY KEY (`id`)
) ENGINE=InnoDB DEFAULT CHARSET=utf8 COLLATE=utf8_unicode_ci;
/*!40101 SET character_set_client = @saved_cs_client */;

--
-- Dumping data for table `permission_role`
--

LOCK TABLES `permission_role` WRITE;
/*!40000 ALTER TABLE `permission_role` DISABLE KEYS */;
/*!40000 ALTER TABLE `permission_role` ENABLE KEYS */;
UNLOCK TABLES;

--
-- Table structure for table `permissions`
--

DROP TABLE IF EXISTS `permissions`;
/*!40101 SET @saved_cs_client     = @@character_set_client */;
/*!40101 SET character_set_client = utf8 */;
CREATE TABLE `permissions` (
  `id` int(10) unsigned NOT NULL AUTO_INCREMENT,
  `permission_title` varchar(255) COLLATE utf8_unicode_ci NOT NULL,
  `permission_slug` varchar(255) COLLATE utf8_unicode_ci NOT NULL,
  `permission_description` varchar(255) COLLATE utf8_unicode_ci DEFAULT NULL,
  `deleted_at` timestamp NULL DEFAULT NULL,
  `created_at` timestamp NOT NULL DEFAULT '0000-00-00 00:00:00',
  `updated_at` timestamp NOT NULL DEFAULT '0000-00-00 00:00:00',
  PRIMARY KEY (`id`)
) ENGINE=InnoDB DEFAULT CHARSET=utf8 COLLATE=utf8_unicode_ci;
/*!40101 SET character_set_client = @saved_cs_client */;

--
-- Dumping data for table `permissions`
--

LOCK TABLES `permissions` WRITE;
/*!40000 ALTER TABLE `permissions` DISABLE KEYS */;
/*!40000 ALTER TABLE `permissions` ENABLE KEYS */;
UNLOCK TABLES;

--
-- Table structure for table `relationships`
--

DROP TABLE IF EXISTS `relationships`;
/*!40101 SET @saved_cs_client     = @@character_set_client */;
/*!40101 SET character_set_client = utf8 */;
CREATE TABLE `relationships` (
  `id` int(10) unsigned NOT NULL AUTO_INCREMENT,
  `user_one` int(11) NOT NULL,
  `user_two` int(11) NOT NULL,
  `status` tinyint(4) DEFAULT NULL,
  `action` int(11) NOT NULL,
  `deleted_at` timestamp NULL DEFAULT NULL,
  `created_at` timestamp NOT NULL DEFAULT '0000-00-00 00:00:00',
  `updated_at` timestamp NOT NULL DEFAULT '0000-00-00 00:00:00',
  PRIMARY KEY (`id`)
) ENGINE=InnoDB AUTO_INCREMENT=3 DEFAULT CHARSET=utf8 COLLATE=utf8_unicode_ci;
/*!40101 SET character_set_client = @saved_cs_client */;

--
-- Dumping data for table `relationships`
--

LOCK TABLES `relationships` WRITE;
/*!40000 ALTER TABLE `relationships` DISABLE KEYS */;
INSERT INTO `relationships` VALUES (1,2,1,1,1,NULL,'0000-00-00 00:00:00','0000-00-00 00:00:00'),(2,1,3,1,3,NULL,'0000-00-00 00:00:00','0000-00-00 00:00:00');
/*!40000 ALTER TABLE `relationships` ENABLE KEYS */;
UNLOCK TABLES;

--
-- Table structure for table `reviews`
--

DROP TABLE IF EXISTS `reviews`;
/*!40101 SET @saved_cs_client     = @@character_set_client */;
/*!40101 SET character_set_client = utf8 */;
CREATE TABLE `reviews` (
  `id` int(10) unsigned NOT NULL AUTO_INCREMENT,
  `user_id` int(11) NOT NULL,
  `ad_id` int(11) NOT NULL,
  `rate` decimal(4,2) DEFAULT NULL,
  `deleted_at` timestamp NULL DEFAULT NULL,
  `created_at` timestamp NOT NULL DEFAULT '0000-00-00 00:00:00',
  `updated_at` timestamp NOT NULL DEFAULT '0000-00-00 00:00:00',
  PRIMARY KEY (`id`)
) ENGINE=InnoDB AUTO_INCREMENT=205 DEFAULT CHARSET=utf8 COLLATE=utf8_unicode_ci;
/*!40101 SET character_set_client = @saved_cs_client */;

--
-- Dumping data for table `reviews`
--

LOCK TABLES `reviews` WRITE;
/*!40000 ALTER TABLE `reviews` DISABLE KEYS */;
INSERT INTO `reviews` VALUES (6,1,32,6.00,NULL,'2016-09-16 21:35:29','2016-09-16 21:35:29'),(14,1,37,10.00,NULL,'2016-09-16 22:10:27','2016-09-16 22:10:27'),(20,5,36,10.00,NULL,'2016-09-17 04:59:53','2016-09-17 04:59:53'),(28,5,33,9.50,NULL,'2016-09-17 05:01:13','2016-09-17 05:01:13'),(64,5,33,9.50,NULL,'2016-09-17 08:33:50','2016-09-17 08:33:50'),(65,5,32,9.50,NULL,'2016-09-17 09:09:58','2016-09-17 09:09:58'),(69,4,38,9.00,NULL,'2016-09-17 13:02:50','2016-09-17 13:02:50'),(83,5,39,9.50,NULL,'2016-09-19 15:52:06','2016-09-19 15:52:06'),(84,14,30,10.00,NULL,'2016-09-21 05:30:59','2016-09-21 05:30:59'),(89,4,47,9.00,NULL,'2016-10-20 22:21:56','2016-10-20 22:21:56'),(90,1,47,9.50,NULL,'2016-10-30 13:44:05','2016-10-30 13:44:05'),(91,1,47,9.50,NULL,'2016-10-30 13:44:05','2016-10-30 13:44:05'),(93,1,49,4.50,NULL,'2016-10-30 14:30:59','2016-10-30 14:30:59'),(95,15,10,9.50,NULL,'2016-11-05 09:41:17','2016-11-05 09:41:17'),(99,17,55,9.50,NULL,'2016-11-13 23:56:59','2016-11-13 23:56:59'),(101,1,34,10.00,NULL,'2016-11-14 23:29:12','2016-11-14 23:29:12'),(103,1,5,9.50,NULL,'2016-11-14 23:30:14','2016-11-14 23:30:14'),(105,17,44,10.00,NULL,'2016-11-14 23:34:07','2016-11-14 23:34:07'),(107,5,34,9.00,NULL,'2016-11-20 08:01:29','2016-11-20 08:01:29'),(109,17,86,6.00,NULL,'2016-12-03 13:42:42','2016-12-03 13:42:42'),(111,17,5,10.00,NULL,'2016-12-03 13:43:28','2016-12-03 13:43:28'),(117,17,10,10.00,NULL,'2016-12-03 13:47:01','2016-12-03 13:47:01'),(121,8,86,2.50,NULL,'2016-12-11 00:04:10','2016-12-11 00:04:10'),(131,28,121,8.00,NULL,'2016-12-23 15:37:24','2016-12-23 15:37:24'),(147,5,10,10.00,NULL,'2017-01-08 03:50:53','2017-01-08 03:50:53'),(151,17,4,9.00,NULL,'2017-01-13 17:47:22','2017-01-13 17:47:22'),(155,39,0,10.00,NULL,'2017-02-02 04:08:18','2017-02-02 04:08:18'),(159,1,36,8.00,NULL,'2017-02-10 18:32:04','2017-02-10 18:32:04'),(163,17,36,10.00,NULL,'2017-02-11 00:08:02','2017-02-11 00:08:02'),(171,1,60,2.00,NULL,'2017-02-11 12:16:56','2017-02-11 12:16:56'),(173,1,66,7.00,NULL,'2017-02-11 15:08:02','2017-02-11 15:08:02'),(174,5,67,10.00,NULL,'2017-02-12 09:26:55','2017-02-12 09:26:55'),(175,5,70,10.00,NULL,'2017-02-13 04:06:03','2017-02-13 04:06:03'),(176,41,74,10.00,NULL,'2017-02-13 12:41:05','2017-02-13 12:41:05'),(177,5,77,10.00,NULL,'2017-02-15 04:59:35','2017-02-15 04:59:35'),(178,5,59,10.00,NULL,'2017-02-19 12:19:15','2017-02-19 12:19:15'),(179,5,74,10.00,NULL,'2017-02-22 04:34:14','2017-02-22 04:34:14'),(180,5,128,10.00,NULL,'2017-02-28 08:10:00','2017-02-28 08:10:00'),(181,5,137,10.00,NULL,'2017-03-02 09:52:43','2017-03-02 09:52:43'),(182,5,14,10.00,NULL,'2017-03-03 12:38:21','2017-03-03 12:38:21'),(183,5,157,9.00,NULL,'2017-03-07 12:43:33','2017-03-07 12:43:33'),(185,5,158,6.00,NULL,'2017-03-07 13:08:27','2017-03-07 13:08:27'),(186,5,164,10.00,NULL,'2017-03-10 01:56:01','2017-03-10 01:56:01'),(187,5,27,10.00,NULL,'2017-03-10 07:27:16','2017-03-10 07:27:16'),(188,17,173,10.00,NULL,'2017-03-12 10:31:21','2017-03-12 10:31:21'),(189,5,13,7.00,NULL,'2017-03-15 08:16:48','2017-03-15 08:16:48'),(190,5,176,10.00,NULL,'2017-03-16 09:53:41','2017-03-16 09:53:41'),(191,17,182,10.00,NULL,'2017-03-26 07:58:18','2017-03-26 07:58:18'),(192,17,184,8.00,NULL,'2017-03-27 13:10:24','2017-03-27 13:10:24'),(193,17,185,7.00,NULL,'2017-03-27 13:11:47','2017-03-27 13:11:47'),(194,5,147,10.00,NULL,'2017-03-30 09:38:14','2017-03-30 09:38:14'),(195,5,224,10.00,NULL,'2017-04-10 00:30:09','2017-04-10 00:30:09'),(196,25,182,10.00,NULL,'2017-04-10 06:03:41','2017-04-10 06:03:41'),(197,1,223,9.00,NULL,'2017-04-29 12:41:53','2017-04-29 12:41:53'),(198,5,17,10.00,NULL,'2017-04-30 14:11:55','2017-04-30 14:11:55'),(199,5,166,7.00,NULL,'2017-05-01 06:23:05','2017-05-01 06:23:05'),(200,5,244,10.00,NULL,'2017-05-01 07:05:23','2017-05-01 07:05:23'),(201,5,246,8.00,NULL,'2017-05-01 07:28:27','2017-05-01 07:28:27'),(202,5,247,10.00,NULL,'2017-05-03 06:58:56','2017-05-03 06:58:56'),(203,39,242,10.00,NULL,'2017-05-14 15:06:27','2017-05-14 15:06:27'),(204,5,152,10.00,NULL,'2017-05-17 11:27:25','2017-05-17 11:27:25');
/*!40000 ALTER TABLE `reviews` ENABLE KEYS */;
UNLOCK TABLES;

--
-- Table structure for table `role_user`
--

DROP TABLE IF EXISTS `role_user`;
/*!40101 SET @saved_cs_client     = @@character_set_client */;
/*!40101 SET character_set_client = utf8 */;
CREATE TABLE `role_user` (
  `id` int(10) unsigned NOT NULL AUTO_INCREMENT,
  `role_id` int(11) NOT NULL,
  `user_id` int(11) NOT NULL,
  `deleted_at` timestamp NULL DEFAULT NULL,
  `created_at` timestamp NOT NULL DEFAULT '0000-00-00 00:00:00',
  `updated_at` timestamp NOT NULL DEFAULT '0000-00-00 00:00:00',
  PRIMARY KEY (`id`)
) ENGINE=InnoDB AUTO_INCREMENT=41 DEFAULT CHARSET=utf8 COLLATE=utf8_unicode_ci;
/*!40101 SET character_set_client = @saved_cs_client */;

--
-- Dumping data for table `role_user`
--

LOCK TABLES `role_user` WRITE;
/*!40000 ALTER TABLE `role_user` DISABLE KEYS */;
INSERT INTO `role_user` VALUES (1,1,1,NULL,'0000-00-00 00:00:00','0000-00-00 00:00:00'),(2,5,15,NULL,'2016-11-05 09:31:26','2016-11-05 09:31:26'),(3,5,16,NULL,'2016-11-12 15:53:04','2016-11-12 15:53:04'),(4,5,17,NULL,'2016-11-12 15:56:02','2016-11-12 15:56:02'),(5,5,18,NULL,'2016-11-13 10:23:20','2016-11-13 10:23:20'),(6,5,19,NULL,'2016-11-17 09:47:37','2016-11-17 09:47:37'),(7,5,20,NULL,'2016-11-17 18:54:38','2016-11-17 18:54:38'),(8,5,21,NULL,'2016-11-20 07:40:50','2016-11-20 07:40:50'),(9,5,22,NULL,'2016-11-23 07:32:35','2016-11-23 07:32:35'),(10,5,23,NULL,'2016-11-25 10:13:07','2016-11-25 10:13:07'),(11,5,24,NULL,'2016-12-10 16:34:42','2016-12-10 16:34:42'),(12,5,25,NULL,'2016-12-17 16:06:32','2016-12-17 16:06:32'),(13,5,26,NULL,'2016-12-22 12:43:35','2016-12-22 12:43:35'),(14,5,27,NULL,'2016-12-22 14:47:45','2016-12-22 14:47:45'),(15,5,28,NULL,'2016-12-22 15:49:46','2016-12-22 15:49:46'),(16,5,29,NULL,'2016-12-22 17:25:05','2016-12-22 17:25:05'),(17,5,30,NULL,'2016-12-23 10:40:01','2016-12-23 10:40:01'),(18,5,31,NULL,'2016-12-24 10:10:45','2016-12-24 10:10:45'),(19,5,32,NULL,'2016-12-25 08:58:00','2016-12-25 08:58:00'),(20,5,33,NULL,'2017-01-09 07:09:24','2017-01-09 07:09:24'),(21,5,34,NULL,'2017-01-14 11:37:41','2017-01-14 11:37:41'),(22,5,35,NULL,'2017-01-18 05:18:23','2017-01-18 05:18:23'),(23,5,36,NULL,'2017-01-19 14:58:28','2017-01-19 14:58:28'),(24,5,37,NULL,'2017-01-23 09:12:04','2017-01-23 09:12:04'),(25,5,38,NULL,'2017-01-27 09:24:56','2017-01-27 09:24:56'),(26,5,39,NULL,'2017-02-02 04:08:09','2017-02-02 04:08:09'),(27,5,40,NULL,'2017-02-05 21:24:02','2017-02-05 21:24:02'),(28,5,41,NULL,'2017-02-13 12:36:23','2017-02-13 12:36:23'),(29,5,42,NULL,'2017-02-15 04:52:19','2017-02-15 04:52:19'),(30,5,43,NULL,'2017-02-24 05:10:53','2017-02-24 05:10:53'),(31,5,44,NULL,'2017-03-03 06:18:29','2017-03-03 06:18:29'),(32,5,45,NULL,'2017-03-05 07:15:39','2017-03-05 07:15:39'),(33,5,46,NULL,'2017-03-20 09:22:06','2017-03-20 09:22:06'),(34,5,47,NULL,'2017-03-23 04:15:00','2017-03-23 04:15:00'),(35,5,48,NULL,'2017-04-05 13:26:49','2017-04-05 13:26:49'),(36,5,49,NULL,'2017-05-02 08:01:02','2017-05-02 08:01:02'),(37,5,50,NULL,'2017-05-02 08:02:21','2017-05-02 08:02:21'),(38,5,51,NULL,'2017-05-14 10:39:32','2017-05-14 10:39:32'),(39,5,52,NULL,'2017-05-14 10:42:21','2017-05-14 10:42:21'),(40,5,53,NULL,'2017-05-14 20:54:02','2017-05-14 20:54:02');
/*!40000 ALTER TABLE `role_user` ENABLE KEYS */;
UNLOCK TABLES;

--
-- Table structure for table `roles`
--

DROP TABLE IF EXISTS `roles`;
/*!40101 SET @saved_cs_client     = @@character_set_client */;
/*!40101 SET character_set_client = utf8 */;
CREATE TABLE `roles` (
  `id` int(10) unsigned NOT NULL AUTO_INCREMENT,
  `role_title` varchar(255) COLLATE utf8_unicode_ci NOT NULL,
  `role_slug` varchar(255) COLLATE utf8_unicode_ci NOT NULL,
  `deleted_at` timestamp NULL DEFAULT NULL,
  `created_at` timestamp NOT NULL DEFAULT '0000-00-00 00:00:00',
  `updated_at` timestamp NOT NULL DEFAULT '0000-00-00 00:00:00',
  PRIMARY KEY (`id`)
) ENGINE=InnoDB AUTO_INCREMENT=7 DEFAULT CHARSET=utf8 COLLATE=utf8_unicode_ci;
/*!40101 SET character_set_client = @saved_cs_client */;

--
-- Dumping data for table `roles`
--

LOCK TABLES `roles` WRITE;
/*!40000 ALTER TABLE `roles` DISABLE KEYS */;
INSERT INTO `roles` VALUES (1,'Superadmins','superadmins',NULL,'0000-00-00 00:00:00','0000-00-00 00:00:00'),(2,'Admins','admins',NULL,'0000-00-00 00:00:00','0000-00-00 00:00:00'),(3,'Admins (Simple)','admins',NULL,'0000-00-00 00:00:00','0000-00-00 00:00:00'),(4,'Employees','employees',NULL,'0000-00-00 00:00:00','0000-00-00 00:00:00'),(5,'Users','users',NULL,'0000-00-00 00:00:00','0000-00-00 00:00:00'),(6,'Guest','Guest',NULL,'0000-00-00 00:00:00','0000-00-00 00:00:00');
/*!40000 ALTER TABLE `roles` ENABLE KEYS */;
UNLOCK TABLES;

--
-- Table structure for table `users`
--

DROP TABLE IF EXISTS `users`;
/*!40101 SET @saved_cs_client     = @@character_set_client */;
/*!40101 SET character_set_client = utf8 */;
CREATE TABLE `users` (
  `id` int(10) unsigned NOT NULL AUTO_INCREMENT,
  `username` varchar(255) COLLATE utf8_unicode_ci NOT NULL,
  `description` varchar(255) COLLATE utf8_unicode_ci DEFAULT NULL,
  `email` varchar(255) COLLATE utf8_unicode_ci NOT NULL,
  `first_name` varchar(25) COLLATE utf8_unicode_ci DEFAULT NULL,
  `last_name` varchar(25) COLLATE utf8_unicode_ci DEFAULT NULL,
  `facebook_id` varchar(255) COLLATE utf8_unicode_ci DEFAULT NULL,
  `age` tinyint(4) DEFAULT NULL,
  `phone` varchar(20) COLLATE utf8_unicode_ci DEFAULT NULL,
  `country` varchar(3) COLLATE utf8_unicode_ci DEFAULT NULL,
  `city` varchar(50) COLLATE utf8_unicode_ci DEFAULT NULL,
  `street` varchar(125) COLLATE utf8_unicode_ci DEFAULT NULL,
  `zipcode` int(11) DEFAULT NULL,
  `payment_id` int(11) DEFAULT NULL,
  `company` varchar(25) COLLATE utf8_unicode_ci DEFAULT NULL,
  `status` tinyint(4) DEFAULT NULL,
  `avatar` text COLLATE utf8_unicode_ci,
  `roles` tinyint(4) NOT NULL,
  `password` varchar(60) COLLATE utf8_unicode_ci NOT NULL,
  `verification_token` varchar(255) COLLATE utf8_unicode_ci DEFAULT NULL,
  `remember_token` varchar(100) COLLATE utf8_unicode_ci DEFAULT NULL,
  `created_at` timestamp NOT NULL DEFAULT '0000-00-00 00:00:00',
  `updated_at` timestamp NOT NULL DEFAULT '0000-00-00 00:00:00',
  `deleted_at` timestamp NULL DEFAULT NULL,
  `api_token` varchar(255) COLLATE utf8_unicode_ci DEFAULT NULL,
  PRIMARY KEY (`id`),
  UNIQUE KEY `users_email_unique` (`email`)
) ENGINE=InnoDB AUTO_INCREMENT=54 DEFAULT CHARSET=utf8 COLLATE=utf8_unicode_ci;
/*!40101 SET character_set_client = @saved_cs_client */;

--
-- Dumping data for table `users`
--

LOCK TABLES `users` WRITE;
/*!40000 ALTER TABLE `users` DISABLE KEYS */;
INSERT INTO `users` VALUES (1,'pedram','test sd','pedramkhoshnevis@gmail.com','fn','ln',NULL,NULL,NULL,NULL,NULL,NULL,NULL,NULL,NULL,NULL,'1_1487004138_ui.jpeg',1,'$2y$10$ZJGxG8ebwrO9GXIyd5L2EuwUebwdMRd6kUJDV0B6aukU6u4.6nohS',NULL,'CIDE94ar6SkcLhxBfW3x9OMkIukCODDLCmJf9MkuF5DrIzcv7KjnHZQuczrT','0000-00-00 00:00:00','2017-05-20 02:08:22',NULL,'zMWW4G6SkZI4VuddpwaxLVF6AHJvc38LQ4IULON6OvbJZoWpV7WG2BNDiw8v'),(2,'example',NULL,'example@example.com',NULL,NULL,NULL,NULL,NULL,NULL,NULL,NULL,NULL,NULL,NULL,NULL,NULL,5,'$2y$10$8zF8JUCRjh5UER/WUJAl4OOVKCsMF/YGoPTlnEuGR0lQP85I7RVBm',NULL,NULL,'0000-00-00 00:00:00','0000-00-00 00:00:00',NULL,NULL),(3,'example2',NULL,'example2@example.com',NULL,NULL,NULL,NULL,NULL,NULL,NULL,NULL,NULL,NULL,NULL,NULL,NULL,5,'$2y$10$4R9Tfk0jkBCP7Xd45LKoI.gkGRB3YHeddwVJxSeAuzGGltMN7bLMi',NULL,NULL,'0000-00-00 00:00:00','0000-00-00 00:00:00',NULL,NULL),(5,'','','elgitano@naver.com','El','Gitano',NULL,NULL,NULL,NULL,NULL,NULL,NULL,NULL,NULL,NULL,'5_1489747611_ui.jpeg',0,'',NULL,'J5nBiWDkpxykn61OcXTFoMVdffPthp6IY4rTOZncHrPUd4lFaTNg61UA4ChG','2016-08-12 06:50:00','2017-03-17 10:47:17',NULL,'EAAE5i5JiiGQBAL0TgthbAjJK0h7u4pTaZBwNPeBsAnl9rZBDxZBs09exrZBybcxyKdZAigRq3ZB7I1zc6xHlXMbHVw2HnOVbltfSsBZCBO1b12eSbH2kXsQSpXgSZAwKa0aqPV3swod14kFr23CPq6LxhxVrjbRrYjYCZCsUIo4h5t6EruXIdncRp7k5GrXCN7iUZD'),(6,'',NULL,'luckyyu1981@hotmail.com','Oz','Yoo',NULL,NULL,NULL,NULL,NULL,NULL,NULL,NULL,NULL,NULL,'https://graph.facebook.com/v2.5/10206874912616949/picture?type=normal',0,'',NULL,'zsLR8DbvNVVuvzNlvr7JQqcHLUzd5EL0FKQWdmZ6BgrLhF0uYvFZ8U705PcM','2016-08-12 07:50:52','2017-03-05 08:33:59',NULL,'EAAE5i5JiiGQBAFzsZAYZBuv5o70LB2tVXvwqhY8Bi1iPT0rwBl24IMJwJXJwHl3HHaz3a4Gw2SOsvZA1eXnZAtT1IJ43ngZC7ZCBZBLL0PlKWeWHu5yO0doTIO3ii1pT67iCG5OmHuC28UnuxLrBuz7Wev2W241qi9lvUzn1KnZBrsAlp5FbKG7w55jp1v74JwZAwDF7DSW5VBqIG4xR0ehvd3d6Ql9iGgVwZD'),(7,'',NULL,'jorgelmiranda.jl@gmail.com','Jorge','Miranda Flores',NULL,NULL,NULL,NULL,NULL,NULL,NULL,NULL,NULL,NULL,'https://graph.facebook.com/v2.5/1216226701742305/picture?type=normal',0,'',NULL,'VGvuCsFA3PdnnE8TQ483DeRzq4ZqTK83zcxtqM9AitTLerrFzDneRLCTliXj','2016-08-12 09:09:56','2016-08-12 09:09:56',NULL,NULL),(8,'',NULL,'kbyyks1004@naver.com','Boyoung','Kim',NULL,NULL,NULL,NULL,NULL,NULL,NULL,NULL,NULL,NULL,'https://graph.facebook.com/v2.5/1047495881981979/picture?type=normal',0,'',NULL,'fQmOGcoN6DQp9O8GOG057xI5dO0LQpCywTAGUfvz0QPkLLTDzbu0UTg8yzjd','2016-08-13 14:43:09','2016-12-04 13:50:01',NULL,'EAAE5i5JiiGQBAMhwryoS4iZBkPxPJnasgBJgFL79rtZAUZBSZAB9QOsTOttlXIbN5WSZCyIgK5DzJkpeL4B2zNrcMBUebcqgmUZA6imnzon6JWDqDENL7tcCtOS3vzHunQnfdZAbSklurNSmtqc4DyLARqE8ZBbYtlGpMIhxO5c9ffWrBb3BcAAaJBcZBM149VCPaATaCRNdPkTFfLAEdgElUsYFZBmSiBialbC4HE4ZCdDiwZDZD'),(9,'',NULL,'jyi74@naver.com','영일','장',NULL,NULL,NULL,NULL,NULL,NULL,NULL,NULL,NULL,NULL,'https://graph.facebook.com/v2.5/283681848671344/picture?type=normal',0,'',NULL,'swM1plkCAi1C6KZGC0LRlUQ8tMd2kIkby7gx3nIsC4cwcqjx3oMTmfwKsyCO','2016-08-15 17:50:29','2016-12-22 08:05:55',NULL,'EAAE5i5JiiGQBAJqkCdDNu8Biu2FGRHy4Xv8Ns9a1ICkzyZBBEe2ix3JoUzArahFa2ASUG8lI2knZCcoAWq8rLYFnbi0tghy3BgfakMZCouVlSVNylWV43AkQZBHGPo1rNirCED1GUaZCSCKXfSdZBKLu0OXs1OJ3fcccU5owNXU70o803vOoNPnZA1CXS6QY50CMbDPkwwOVVpNZASSuOLSc3sveFmAcAZA2d2mi5Uj0mIAZDZD'),(10,'',NULL,'amor0739@naver.com',NULL,NULL,NULL,NULL,NULL,NULL,NULL,NULL,NULL,NULL,NULL,NULL,NULL,5,'$2y$10$i9lDWFbVxvh9ehX8XUvEheWBMSmn4WuHpN9dMU3ZiRXxxDdKerJCK','7qyXC9QCGYqGkL68dWsB4N2v3',NULL,'2016-08-17 12:26:52','2016-08-17 12:26:52',NULL,NULL),(11,'',NULL,'mark.carl1@gmail.com','Mark','Carl',NULL,NULL,NULL,NULL,NULL,NULL,NULL,NULL,NULL,NULL,'https://graph.facebook.com/v2.5/10202181722021522/picture?type=normal',0,'',NULL,'9qwUuBiNH8iGttrPw5NFCxYhaxWMen8xdeXTZPFsUA8aHyeLLAQibOLclJzG','2016-09-06 13:23:38','2016-09-06 13:23:38',NULL,NULL),(12,'',NULL,'christina.carl@gmail.com','Christina','Carl',NULL,NULL,NULL,NULL,NULL,NULL,NULL,NULL,NULL,NULL,'https://graph.facebook.com/v2.5/10210540757977519/picture?type=normal',0,'',NULL,'VA1yYeSS91O7RXkgZoGynM82dKOx9oIjTZ6L5bv8E0AIoxL09hJiA3xaHqGX','2016-09-06 13:23:43','2016-09-06 13:23:43',NULL,NULL),(13,'',NULL,'zipper0011@yahoo.com','Adam','Seymour',NULL,NULL,NULL,NULL,NULL,NULL,NULL,NULL,NULL,NULL,'https://graph.facebook.com/v2.5/10153997546528022/picture?type=normal',0,'',NULL,'7sbNJamaRgNFq8ZjCEdg2MTcQMVM8UeBz1XT8ybz63V3PSoAIk1NNfXxuNv5','2016-09-06 15:15:09','2016-09-06 15:15:09',NULL,NULL),(14,'',NULL,'betterlifeinkorea@gmail.com','OZ','OZ',NULL,NULL,NULL,NULL,NULL,NULL,NULL,NULL,NULL,NULL,'https://graph.facebook.com/v2.5/109960892798392/picture?type=normal',0,'',NULL,'LkwjBocW3uqkzX2KF1m1vCPjsgW8L28EvPKRO7at8fkWWZv7TOJZHkAoww5V','2016-09-17 09:16:14','2016-09-17 09:16:14',NULL,NULL),(15,'',NULL,'richmanforever01@gmail.com',NULL,NULL,NULL,NULL,NULL,NULL,NULL,NULL,NULL,NULL,NULL,NULL,NULL,5,'$2y$10$anjgDJlIm.GXQKFrHwFQduZteQCWWFuWwmQPEm5Ku8M0G6KWKEkaC','nVHLLca9OJa2jfJtjxzGuVTaL','EYK5a6eCiTn7mRJSRP8dwua39cZUpnXGlvlZxRqvxEmTcXvRLMuQjZYaEiZM','2016-11-05 09:31:26','2016-11-05 09:31:26',NULL,'6kdF0y6aCC14sAZ7Vi8fPJvQHhgVJ4CPoQvooBz0dA4Ga4O5nWlcFQ2n8jiR'),(17,'','','pedramkhoshnevis666@yahoo.com','','',NULL,NULL,NULL,NULL,NULL,NULL,NULL,NULL,NULL,NULL,'17_1487003891_ui.jpeg',5,'$2y$10$gdkHU35faVZep9ZNF0Rhku7mJGG667zKnNCQHu92Oz4d0R9osbxNa','zwcHesMed0ws74LANJyHH2zNq','mTkyMcJwf29Rgc7eBkzeJkQbP8TTOLBOmu7X4tiDNqFaxmWKq4fqykElz30h','2016-11-12 15:56:02','2017-02-13 16:39:05',NULL,'EAAE5i5JiiGQBACzQp4eAAdLYA6WZAP0XbGDb0wHoMDbQBS3kw0ZCQeR5Mnnm9TVRQgFbWnHdk0o2ZC5TGxfZCFVUD7ZA2Od2F7IngiCwPESvGKmaRQAgsPKHGEIBKsuqW1CpQ1qJDlHMLa5Kt4uQOEDTV9WcIrE6trZCFfhvu8W6cS8vfKZBy1wYdaypjEqRtGex6WFQNWQzqsRy9IBz5wl'),(18,'',NULL,'cesaraparecido3@gmail.com',NULL,NULL,NULL,NULL,NULL,NULL,NULL,NULL,NULL,NULL,NULL,NULL,NULL,5,'$2y$10$LswqUYGT9eBrZRk/UJE4Zevyj02887pA8VcBpLur.k9xlA8lI6ViK','D9Hs3NW3BNCGXZRuWYhnsXX2O','UwRRdhCEBewyv56KvKlpDoI5NthtzjtNjRom78pUG4gfGo5B7HDeWBm7FCHQ','2016-11-13 10:23:20','2016-11-13 10:23:20',NULL,'eWteD4InAijN4mzWgunS85bYfmbTCSqRPU5tZNQz5amawW6NruFzzRyPeKIQ'),(19,'',NULL,'ddong_2da@hotmail.com',NULL,NULL,NULL,NULL,NULL,NULL,NULL,NULL,NULL,NULL,NULL,NULL,NULL,5,'$2y$10$XHFgH8CzMxHalrxGmKoGpeQn1JnAveRgFh0IedNoBL31C.sLKC0Ba','EnocuWji250osmNWj0lv9AO16','BVW0AVJNM5F0Lg03yCk5QilkP4MBCPY4MtBFp7QfwfS2Dq2ljK9WDrkztO2Q','2016-11-17 09:47:37','2016-11-17 09:47:37',NULL,'EAAE5i5JiiGQBAIgwFIBTkZAQcWDPnAtyDV2vGrEezzE1Ixpbugu40O4BflphPHua8pnMBMmA9OsHYWkketY0P0icdSGEFZAwAHA0nlgJT2VIPkGer9zHsg3lAawRXaM8eXTzQWcw2EB9PmJzgRuuk5E0ZAQLaPZCeZBWbiBiA3fMLIw1FwfJ273ao6eUx3NgZD'),(20,'',NULL,'ehdrbs2000@hanmail.net',NULL,NULL,NULL,NULL,NULL,NULL,NULL,NULL,NULL,NULL,NULL,NULL,NULL,5,'$2y$10$reX9nDM8XcyxpjAPhX7lheELybtDVZkBJsYeFGPk/M0oPAjw108xK','z9Q6CkcFMsR75dkGfZRNieeOm','je7quucyapxIepYWWiDe9N90lf9GI85XcRwtubm1oMePslYDiuGF764o8GYb','2016-11-17 18:54:38','2016-11-17 18:54:38',NULL,'EAAE5i5JiiGQBAOyuOAomZA9i3ZCShNxxqlgyIGqLIdZCXMEcEl4KQdqBCFwoZB3HlfH9ZCuxu8ZBe1IWqGug1sn23f9wclfzx0E96usaUiph7ZCg3PYFRGFoP58MQQfxCm97yG0FiCkHxyE84cdCDUnqEig0ZBXnVnUXLgimCaZAwxCDjeDZBodvQ7'),(21,'',NULL,'nkemlove86@yahoo.com',NULL,NULL,NULL,NULL,NULL,NULL,NULL,NULL,NULL,NULL,NULL,NULL,NULL,5,'$2y$10$t37ybaUUe0G.Qc1dj9l57.T4V52WZjX6qP6OlXQWhYgd51rO8E356','Ji8Cd0gd9pIC2yMDVATZRhnK9','NE6PW8sSTWpKhS5WY3Sj6mGbWy20TTDzIqptb0AONo0tdcYJ7dszD0YJ4KA6','2016-11-20 07:40:50','2016-11-20 07:40:50',NULL,'EAAE5i5JiiGQBAJ3kEpRBnMx3Mk3qRS1uv6bPtlAloxXLeAeKyzcKvbFkh3xnWMKbC4AGnHoMtZA14J93kki0AZAOLn09KxdwreitkNakMJ9QLczebbTkfjFtmnCblno2iv1cYbkJ6gKF6aRQHRQ81BMJONmWC7bFRNuYtDM4WHqv7NW9YDaMWdZAyWxQB8ZD'),(22,'',NULL,'justbrown86@yahoo.com',NULL,NULL,NULL,NULL,NULL,NULL,NULL,NULL,NULL,NULL,NULL,NULL,NULL,5,'$2y$10$96rnz6Xn7YsNupNfLuHH3eP2osFOtwqmFe2oe.oROo6ryrkaEsu/O','32KSHePBf6cbMx5wbVE72rHke','lJWD7dQLoUj9Ek4aYDYQQdC3szzUPUjj34Q5qDHpzPc7Yge7pD2ainUQtZp5','2016-11-23 07:32:35','2016-11-23 07:32:35',NULL,'EAAE5i5JiiGQBAGd0IVBZAJKPPhjzek9KTeWXvSEBA8yTMEzSyS7W3yWZAfZAJgpnNknRuzpvOAqb62601LObM8hrI2tcbLTWCmi0ZCJenS1POAtwXaR8O0hvb0h7AVXTPzNnER9qUWh539ZAK0oyF7Plx1ZAp9eWCCv555ZALxDlTrdoaMd4o8o'),(23,'',NULL,'stephen.schmidt09@gmail.com',NULL,NULL,NULL,NULL,NULL,NULL,NULL,NULL,NULL,NULL,NULL,NULL,NULL,5,'$2y$10$4P8iojjdQ8zLO1cm4f4AWO820YXujqZ2d6.g3CqOTEMO5ovgYz63C','3Yev8EDncz7CTqnGhHFyBtpCU','btBeU88i9YbnrqXLyvuPVJtIK8WIo0O5HS5UEcKsZrGyesTA2o7pY7zJClmy','2016-11-25 10:13:07','2016-11-25 10:13:07',NULL,'EAAE5i5JiiGQBAHhqPuI2lrPQLkpuZBp9mN7iw3xFSJJwDm4k0Qw1HBz29qjpr5i1bpZCuv3UCq21j8Wkdrt4KnxMqZCygs6bq3xZCPsvLhleOfHNkOmAsAEHuDu1v3870ddnP5P3tvGhMkgvcLBhUdNOXutCJjiaaBWAsZCXDgxj6cFORn9YhLVT6s3uenBkZD'),(24,'',NULL,'sneed.event@gmail.com',NULL,NULL,NULL,NULL,NULL,NULL,NULL,NULL,NULL,NULL,NULL,NULL,NULL,5,'$2y$10$eGJSbtLxldi9fEhfKn1vTuZ5nJw.c5ji3cFgKzkhyHzIPfWGuw7rS','g1ddCo2AKQKJwQotn1FtWElIv','A4BpfhVMH29BI642RyUG6aMpft4mWK4gpUGXLe13DXseHDZyHja1mlPMm4Fk','2016-12-10 16:34:42','2016-12-10 16:34:42',NULL,'EAAE5i5JiiGQBAG9j7rcm0A2S28Qz5LCeGBYBJntpZB5804F8ecICg4oDK7F98XmzYUIGWPd4HJlNd1KBwf7oTUOr84t3G5mxQzfn0ARCTTm3sq96lVFZA6Pay6HJu9bhhVdSbwBZB9IVO17M7ZCZCsVK6jglHETPrJNpqZCgVAvcC1cddAyEy7ZA722atrU9usZD'),(25,'',NULL,'cassianocampes@gmail.com',NULL,NULL,NULL,NULL,NULL,NULL,NULL,NULL,NULL,NULL,NULL,NULL,NULL,5,'$2y$10$4rbH9ZLFOywKTLLymMO/TO1uyIzpvL1Z1RviYgXfxTS5xYQvKJlAa','hiSUAf5C1FxHgMx8p8UyCW0uc','iokIT6gmNagpfnHzpoZhri6TPGfaBT8kbFaHUFPMM2AVbRJ53qLJij9SQJ6t','2016-12-17 16:06:32','2016-12-17 16:06:32',NULL,'EAAE5i5JiiGQBAKTdKs0qSphI2ZBZCr7W1USw3IB6VP8ID5ycqrBUz1Osj2be9uxX7ei72ZBrcVyhvSmv0HEB1NGIsXZBi1u11mOp8guFZAMG9VorgnTLPxq0ZAsJOIfPZCdbf577usw23Uj630EnbZAPquNqw1fgZB65Nl9amarEND2ZB8eUnxlW9TIKsEMx7cQmxjUD9X7t87rR2DkZAgvIKUw'),(26,'',NULL,'salmanf01@naver.com',NULL,NULL,NULL,NULL,NULL,NULL,NULL,NULL,NULL,NULL,NULL,NULL,NULL,5,'$2y$10$GiOoo7eiMNEmiKi0rBX/Je0jHG93LLCmc5qG2gQ0FI0PcX4gK/cPK','HCT6PPFqGRY49nlffFUh171zj','oSBh09P8Idw3CIr3wXylZyhkB7ZIiov1WlyA2Vm6tjthsqvoZhJKpcIGUeEm','2016-12-22 12:43:35','2016-12-22 12:43:35',NULL,'pwtvanUCWx6STNs2ya2yHbYeMgRy0SJqodWzAQbxoiph5RkE2mcJxbXjsOSt'),(27,'',NULL,'ocean_chaser@hotmail.com',NULL,NULL,NULL,NULL,NULL,NULL,NULL,NULL,NULL,NULL,NULL,NULL,NULL,5,'$2y$10$EAamRzzXFJCOUqMFIWJ5OezHI1xELHnUIj.JyM5yBAzvUNGjfhleS','fBHoqMWOsxy24XBJUpif0MP6m','ln3R0qqeWbyavU3Fub4srGP7QtlVJVtqp1TUO2ufyH6y3jR5FDqTvGd82O68','2016-12-22 14:47:45','2016-12-22 14:47:45',NULL,'ynxnpyz2mVWFX7xfToMUfv5JhhaW8LhH8O5ynFAJAxpyFWOykAtA6zjnQukZ'),(28,'',NULL,'aksl8732@naver.com',NULL,NULL,NULL,NULL,NULL,NULL,NULL,NULL,NULL,NULL,NULL,NULL,NULL,5,'$2y$10$PC7iBpOUpeCg7BYdq4lTwO8vKI2xJZxLO9J6Qv/qOMyRx0t2fcvLO','yibJwdd1L9sAiFaIvIC4btjbS','wVh8LSPwqJVXIsvc5mGCdHJBE43JtzWWBzkbykcMiEffE9EFwZigP71wNi5y','2016-12-22 15:49:46','2016-12-23 15:32:52',NULL,'55XlOEjhh2fZEPkRm9k2TGsGutCackzipwDdaWvsZKsEzNvWWQYQwrw1U8b7'),(29,'',NULL,'1227973273950253',NULL,NULL,NULL,NULL,NULL,NULL,NULL,NULL,NULL,NULL,NULL,NULL,NULL,5,'$2y$10$hAtdjzu9dnGtkHI2hTORjOEE7tzSNXl5WyPWOJtMzDO7DQA/yTlPi','NmBEvoZ2ZkWrGX1B6sjZA1iHW','2MY42LUEIDlbrIPMdnPtH1wJkxbCLLl4YKFspngKy5TydasaZpIQBYDSGZCK','2016-12-22 17:25:05','2016-12-22 17:25:05',NULL,'EAAE5i5JiiGQBAPVy8E70CCfZBbw9YZBnAqv4DRobQewcdUcglFvDUBcYPvVAYGbNXGGMjbPli2c9gds6jAVWdxcApEgfs3UvioeGPYObRwRJiRxNV3mZBBsd0tULWATLoU9B09n72GTV6vECHXPZCfMvNta0MFnCmNMGUyQZAzpYpnJTXOZACKAv8XMwXZBt9uXTgbR2ZAZAqjjTIJaRcT9cv'),(30,'',NULL,'luckyyu639@gmai.com',NULL,NULL,NULL,NULL,NULL,NULL,NULL,NULL,NULL,NULL,NULL,NULL,NULL,5,'$2y$10$yykzSU3jGmuYTGN781l6ae1QzzHPXvymurYSw/fZwrv.PVKh41F0S','xa5xqvZeX3agjZn3F7sLrvCan','9G4lyh8mXKBw8pFTwxc1ReRlSQlm7ewwjtA7QCGlfJKoEMvGoc83ufSRJojG','2016-12-23 10:40:01','2016-12-23 10:40:01',NULL,'Zokrsz3D7QaSOuRCFqzDKpPecfRkZAUYZfprOs4VifO7JFJo6j2RJS5V7Xg7'),(31,'',NULL,'239752526467063',NULL,NULL,NULL,NULL,NULL,NULL,NULL,NULL,NULL,NULL,NULL,NULL,NULL,5,'$2y$10$4hTYEFhiFhZT2Pq2/6tUJuPP5tWifPN.HXxlvHusug6rdqEwA1UQW','onMVSFAFtGQ9rO5NTLXc9XqZX','eYTu4jAV1mdAtEfp2Ug16kAMboodo76FrMeLmASiVZc3qKALNlvtHNt9ggnz','2016-12-24 10:10:45','2016-12-24 10:10:45',NULL,'EAAE5i5JiiGQBAFdOvZBYQdMWFW4WaxtCGR0yd5ahxxfQEW9QW6b477gaM9ZBEag0uHuaMnhKMoAZBmZAclXksPMZCjXl62SF9GR02LkTDHZBsstU1bUzyALj7Lt2LdZBZCTVZBPLukRCb5Cjuu96UjHaBu2NcELPsMunUSZCjwZCt0RM6wjtyAt10fZBfdUsYk1vL1vfTqZAjZBVDbWwHjTqlLNBpj'),(32,'',NULL,'Jhkkjhhugffgigu@hotmail.com',NULL,NULL,NULL,NULL,NULL,NULL,NULL,NULL,NULL,NULL,NULL,NULL,NULL,5,'$2y$10$Mp3if65df3f.PEBLDD2DdukxStvoy/G0Cy5lzhgXIGdWOfyuGF.6e','OxUEseLv2JXTRYYAZgxfSo9Y3','esQM2NgTkRz6oqcwDKzCnUZXAv0Wh8UTEnMiEpcCprwcb68UNsWmrai55Igd','2016-12-25 08:58:00','2016-12-25 08:58:01',NULL,'2PPeh7uQq2aydB0dcekUEtOps5vU3Z56PUk72OXsQ804J1iWfCQT5EjyJOsN'),(33,'',NULL,'aksl1234@naver.com',NULL,NULL,NULL,NULL,NULL,NULL,NULL,NULL,NULL,NULL,NULL,NULL,NULL,5,'$2y$10$pPz0EWAkU.v5tLtGbNUBueSm9OkzjwH/VIyMX/Tq8sZ1ucSVdWOPm','2u5Y29SQM4SFBjRzlwmeKoDPP','8DbJumYnnXI5jFLTkPWZb2zHErwU68FwhZu9Km73IcBvcR1uGZJlpsE20Koy','2017-01-09 07:09:24','2017-01-09 07:09:24',NULL,'M82DXgziefkoiqAsOSyfvRpACBfiCNupWx3TODc2TxrbY1EMTd2p5rZH2eZF'),(34,'',NULL,'pedramkh@skku.edu',NULL,NULL,NULL,NULL,NULL,NULL,NULL,NULL,NULL,NULL,NULL,NULL,NULL,5,'$2y$10$.9YOKKzk7S16t4uTb3ruUOqlnbesJVTZiCeMc3.CKeyQcCeOSgc36','6VJA4Q0BrWM2FtkzsBQWrz58X','zO0BFIIZQroxm7pwTGuIN3nmCoVQbPmxuYXrjmfnXYfa7ZbmpTE2x29d7T6O','2017-01-14 11:37:41','2017-01-14 11:38:09',NULL,'zYAroagpfeTFi9qSbVSofbNFWlWehxuRw4jUfzjuOca6mAYywRWM2JrZ5odn'),(35,'',NULL,'jennifersterling@yahoo.com',NULL,NULL,NULL,NULL,NULL,NULL,NULL,NULL,NULL,NULL,NULL,NULL,NULL,5,'$2y$10$vMDP5R2DNYDn0vl.SLjD1u.WLL4qJqk6.tTwsQ4hyT9Dk0uWIqkMG','x37BK87V7MlHRMdqeymhSb5yu','DawLcObMtuGBlZDCbwW8EQqCgRDkSGVcmAJP4ZR5Wn6U1yS15UrkPn1erySo','2017-01-18 05:18:23','2017-01-18 05:18:23',NULL,'EAAE5i5JiiGQBAMtzTEwRZAe8zMfjkK6D2MQI9JCEUdwOU4ZBVVxZCZCE0yMBZCgt1xaHAIBpxUJTjpf83Ta6oxT5rqZAkIIci1jydaSRm8ZCzFykVa3C8eU5RvTqke0mIdTZCKxZCk3aTgalFZAS2YIQfprZACZAOMORSNbkF6XfFhaB4ZBnQ5bTKZATOmAWpaPkxmeCbZBgb0ZAOKH16NePB4BDXyLp3I5sqzFGBMYZD'),(36,'',NULL,'jodeoksu@gmail.com',NULL,NULL,NULL,NULL,NULL,NULL,NULL,NULL,NULL,NULL,NULL,NULL,NULL,5,'$2y$10$ZLoE.kJ4Ja/KpBFxbjoCUOhjykYHYstc9hHwntRtLgW1irn/6rPae','ftz4u7qmUb5OGybSA2Phv8M2Z','D23vN24Lr23iVuuq36jOpUpHsI5ux71o4RYki2784iIcoXGx7nrhPWBhAmfY','2017-01-19 14:58:28','2017-01-19 14:58:28',NULL,'EAAE5i5JiiGQBAFsdS0VVPDtCIa0EH7SRQQUy2OyOkZCo5HFhFB1bTTNPPqMD79iwwDyc3kG7zqjmSl5paJOM9Ewk0XtbJMPYVWDnxUzojOGizULdI7BtMQOPxD12sTZAWVXDffl7aoFYJoVhnPU0KEZAXhqfslmMt2uWrNc6A09dc2koBAznGZCL7ZBt7HUVPmR9e2tZBGOGCbUMSz3H6B'),(37,'',NULL,'1448151031914611',NULL,NULL,NULL,NULL,NULL,NULL,NULL,NULL,NULL,NULL,NULL,NULL,NULL,5,'$2y$10$sbNHkDH3NDC9rmeOFJBLguGsyDNxl150baqK1E10iqdFm9F3Yjr4G','DcWtjClbzqvMMyg4jFwt3hae5','KisOUcZINyUCk5EN6V9rWjXubwl7p5AOzk7a64yaaFJ8kFhfK8jehuLZvVvN','2017-01-23 09:12:03','2017-01-23 09:12:04',NULL,'EAAE5i5JiiGQBALKZBrwpyKMOjx07WYx9BHlE9gZBBZBkjgnsRSb8halmCzi4PtAXkwGZBeQR4BPLJyp82AZB9LkijXbjRRjv6bTHyNIXx1LsJSAjkoC84sVWX3Ba9LPWsg0ZB9d1NNs1afsn4pBZCkrOHIeb5zGcTWZAY3ZCNJvDewZAll8If1U2N2oJb3GPNjpmgY7QRI4fHfLSFmoxxxEwGQ'),(38,'',NULL,'Militarymynd@yahoo.com',NULL,NULL,NULL,NULL,NULL,NULL,NULL,NULL,NULL,NULL,NULL,NULL,NULL,5,'$2y$10$3BRhFP/aP.luXQy4F.cq8ea.oAfu3jydtbdoAZMqNIs/JIEjup1L2','SxkSCePbcAJNicFrNH1N1pfhf','Op6hRW3mOeHQqvdnuLl1eejZ33hP0DfMFybWKvlaMZ13Pvd8Spczkq0ATawe','2017-01-27 09:24:56','2017-01-27 09:24:56',NULL,'nnyIXu3NYDXVhr89qohOsWsDRvaSNCwbZ5UWzXKxBHsS9B2zZjnsgQ68lg09'),(39,'',NULL,'154615565018961',NULL,NULL,NULL,NULL,NULL,NULL,NULL,NULL,NULL,NULL,NULL,NULL,NULL,5,'$2y$10$OOYQoKU2vzOOwtEhbObjHe7OuE83qVg/Yidc/91fpJNMsHKYGw./q','y3d5n5DNVr7e29jZGdRpeuPdy','mI0vfXCLuhys2xh4ulc5hMh6yTBCg9Rv6l72q9R4gomrYom0g9jMpZPiOAkS','2017-02-02 04:08:09','2017-02-02 04:08:09',NULL,'EAAE5i5JiiGQBAMu8beQGbvWsqsd28lJ1OJUitsAkJ8LBlXLc3PTqZBZB7JYODxZCs2Qqif2V4dkAPrnGnMbd5ZAV2aNuvZBDt5JPe8plHP1K7IuvfonqOhDFc4gxzyY1wGrTav5wYlk8tGWoOd4Y6jO5h1KxKzQjNZCkWMmcDk5S2hhi3oRei603ZCq7zmhsJ0lpghLh6bHhZB9ExFWyAe6wKLcwFqTbQCQfMebqLklVSAZDZD'),(40,'',NULL,'Darkheart197@gmail.com',NULL,NULL,NULL,NULL,NULL,NULL,NULL,NULL,NULL,NULL,NULL,NULL,NULL,5,'$2y$10$wQ76O2T1PVf5gtLWfyQDJ.CoowDHOoIXl90p2oSFkpkhwwe91VkGa','j5D63JEszt8sX1SvnrLOpHPbO','LOQRYfR2OHgJy8BKfKtqHyenM3y3sQFrwZgrx4c61irzxJoEXfAKn7rA9DDH','2017-02-05 21:24:02','2017-02-05 21:24:02',NULL,'yDeHKrLhg2Dcw5t8H4oFAPbSHigRP9JoNX5ypQPFTtSqylygqXV1M7Tup9mf'),(41,'',NULL,'252133275243008',NULL,NULL,NULL,NULL,NULL,NULL,NULL,NULL,NULL,NULL,NULL,NULL,NULL,5,'$2y$10$krSi9U2yFfQV37hYQmXn7.G6TwhsmcJZ79eBow4rOSDHiI0WJPdkS','fBYIJhm3zqt1MjanQiCSGCsHg','pyum6rZsfEvJCz2cchvj6PftpHyuDzytLZxNUgmWHa2fmOczyeJcYEAVGsMz','2017-02-13 12:36:22','2017-02-13 12:36:23',NULL,'EAAE5i5JiiGQBAKVZAQ9kgVjH5UtPEqzHtyZBfTJLY0NZA7yNx1ye4jEpUO6dto8JAxYeAxfIf7JbQIZCFTPDIbsrGG8gywxAuZCB7ygCeRZCsjR2yGbAfkDhzjOOYuxq2iILeQm4mPvFHMIcYI0QDCi5vP9tZBpbZCvQtO7KcnZAm67sg2sjGYejuCuZCYcUQc0QS9L3EqBdybZBJ7ubDoWNEZB3'),(42,'',NULL,'cowboy0809@hotmail.com',NULL,NULL,NULL,NULL,NULL,NULL,NULL,NULL,NULL,NULL,NULL,NULL,NULL,5,'$2y$10$fnysZh7rkTUr3v7HN1kbE.pTJb1gF1eqaa/xqYJMupbVdkyHbBufe','nWCTYwtOrEQu5VL6xAvBkVlEq','ENApWYkio7OuM3vTFwWd6R52Fgug1x0Wn2JDZpMlRxzNlaOQBUPBJ7tBkVDL','2017-02-15 04:52:19','2017-02-15 04:52:19',NULL,'EAAE5i5JiiGQBAOSRSIT8JCZBAr9mbvNcDg2HsLfL6DwVVNqirDrOpAIvd6dFc7yWmVsDQoAlnqCRxFXsmZAPxsncN2P4hTEiGMZCZAcYVxiBhwQ4KS1P3RMZB6NOIsMZAD7hSZCkz0OaqJyd4nd1pkiUMTHDJn57Cp7PN0HOoSgDAl34G1jCuZAC1FxAH5rAGg7qB8hcZBK7UHhwuzDeTHTZAmgHiU1T2QFcUZD'),(43,'',NULL,'1444316098913201',NULL,NULL,NULL,NULL,NULL,NULL,NULL,NULL,NULL,NULL,NULL,NULL,NULL,5,'$2y$10$MnAzwwxdw8OnUoarjUma5efInNg6g83mTrL4SLnKunfJ55PjJWhJK','dLhDtjC3Cq9nyHpt3n41UDaOH','kp9otFEctQkfW4vvbAilNYeCDM75C1xUfPJjSKMsAFAIGnky3sG7JB0NA2iI','2017-02-24 05:10:53','2017-02-24 05:10:53',NULL,'EAAE5i5JiiGQBABw8dMZBPmlr806B8M0EfK18p3gyUez4qEZCt75QoOnPnRlhk1TvGs32ZBuoVBIfKwLlYmLk2ohKc6z4aMDUuDLK8qwzLptHSzy4N1RqZBLlObFi7yVL9ZAdgXdpfjS3DscZAAmuiDxmdqb9y5cVLMB5Kf9BZBg89CHZAq1Y8GPXeg6uqrlNmQUywXpQ17kdDOmgZBJYxhSfHr91xiJwbg9oZD'),(44,'',NULL,'wasabe20@hotmail.com',NULL,NULL,NULL,NULL,NULL,NULL,NULL,NULL,NULL,NULL,NULL,NULL,NULL,5,'$2y$10$aqaghSDJZAjkFL5YpK9IFOsoM9YWVDUlb/sa/bLxNmv2B8xAcELfu','ZCT3mEv7If7neTHmJccFZAL8C','gcnIaGkYZ0AzaMtGQIPW96t63pngUBnaX8laBG9SUrEq5UWpCMh5mMgYR33o','2017-03-03 06:18:29','2017-03-03 06:18:29',NULL,'EAAE5i5JiiGQBAE3rvyV4JER2HLGaVIhGXv6lYfBT5eelJEaM5zpkaO0CsER0GxZCuBrH406gqT9Y7LD2ZBzZCJr7lZBfZBXtlZBWt6QLJMzoY6W7iiuJOO3jsv7niTURgROEs5ZAYQpkNohDZCk80eirBFTJ6PbidbmomnBHX6Q4sZBSXfSIRz4gFRjCvcu4qhESYYA52MR4FxH7SBt6xEZBzJXyyzNKrqC4FBagaNtvrHPwZDZD'),(45,'',NULL,'zopo2200@gmail.com',NULL,NULL,NULL,NULL,NULL,NULL,NULL,NULL,NULL,NULL,NULL,NULL,NULL,5,'$2y$10$SFVUQ34ntC29nGLUPICgy.tAWL9WVMaVRrvvLHuRv37WMTUgUQ.0S','eOSfvGoJvUY4Mpmw9tXWVajVH','L3KkiYAsrQZtKIwmVfFWAgrbyvOQWe7zg7ltYvW6ClVVibmjAoaJrxiJRlV1','2017-03-05 07:15:39','2017-03-05 07:15:39',NULL,'EAAE5i5JiiGQBAP3wuqeE40oYrbWAAZApQ4P6sZC7gIgrrmNmc588E0rrdIaMwNPnIpWCe0n3JfpEnpDgIs97wWGor1XCrvC1NOSUyvSQgcW29bwE3sXrFUt9TvciJdSqkLsT6dMlUZBKHh4JpVy3M8fZBPZAdR2kOIo9RxJiXMzPs9lIkww0Buk8K0mUIDhiKQRyO9yZBFgayg9zRA6ql7'),(46,'',NULL,'pyropro@live.com',NULL,NULL,NULL,NULL,NULL,NULL,NULL,NULL,NULL,NULL,NULL,NULL,NULL,5,'$2y$10$3T6M3pVRU1.Mri8XgYPuFOq58keRO.oPfh3klSdMLdKU8c5c3W3KO','6zqUVwXgs7FWKpmPyHrMDVojb','nKMNUB6AWU9X5jGF9qQbSLiTSciNxmBPRRaFhl7jieYToklkBprMejBezJnq','2017-03-20 09:22:06','2017-03-20 09:22:06',NULL,'EAAE5i5JiiGQBANMBZBWw1SSzdxy2b6ZB19w1NeVIz4LqjRXGhNRsQLX40lwnI1P7E4OaLESrCMtm4wz8pQNgD6PfTLQ6rUCZCzyLKzG8UGVgqzZASIGGsqNl4VTAUxfWzeqxWsWJrkRHPcBTGZCqXOS6enhIoI23q9vILs71HpKRXsCeyAOJYoZCfgIZCarTgLpq2w5fJaN3XOFprdTfql97yjwWEBiCqgZD'),(47,'',NULL,'7s@7sqm.co.kr',NULL,NULL,NULL,NULL,NULL,NULL,NULL,NULL,NULL,NULL,NULL,NULL,NULL,5,'$2y$10$WKkr5WN2Bio2X7uKeYNeheY8FP.8QtLaTwXPUHkkTIa7PFGPesW0i','tRnZN5ctHxGITq8IdhlBVCpay','D9kh9JnzLw5vRWIFSTlg7wF4V9dko8F0u8LEZ2RaFUlbKFR5PPHy79WENqUU','2017-03-23 04:15:00','2017-03-23 04:15:00',NULL,'EAAE5i5JiiGQBAGNsJ1OTiT7Q1GpJj6fnjCAkUjNjNB4ZAnvhYDFchdcwFXmD3ZA6dKQtTVzEdD5umwhTTZAKYm63du4nVovVENTE2FC9AehwK3OeqcGlux1BhByOpHtR1ZAPXMkmfpX0GVhO6rAhHJ4YWaxXZCyVdQNZANGGyIvRAMuEnATZA02bt0bsCVwKMFMKJhHIi3i93yql1hv540S'),(48,'',NULL,'270258093423912',NULL,NULL,NULL,NULL,NULL,NULL,NULL,NULL,NULL,NULL,NULL,NULL,NULL,5,'$2y$10$pawtIRxdtuUpWG.copr3Ze4dNkqGHe//rq32C/yr7VNq/ezCQo5Z6','ctREsGzA4A3aOHzoNxfCpc2cr','WUouZOucEAzhzNL7oNSKzLNtbECt589A22NOuT21MuJwktp7mIkJ9tgDxSwS','2017-04-05 13:26:49','2017-04-05 13:26:49',NULL,'EAAE5i5JiiGQBACOcw61odDyX3Aj1WiqYN5mU8d1BaHfVWC4ERExUXCxZCSAE4zduJO8PDjyIPEMy22ng7gSFxlJhmTtnKlgp0kqKP9P4It1ezuAoZBbB2neCAlvZBp14ZAyRlBc4JKszAp0JAodcuVal9xo1w9oSAt63RhZB9z7ZAW1MJPjwyuy87f8loO8ZAJhAyYl21f4sD34FSkpoYUf'),(49,'',NULL,'suzfaust@gmail.com',NULL,NULL,NULL,NULL,NULL,NULL,NULL,NULL,NULL,NULL,NULL,NULL,NULL,5,'$2y$10$57YlBuUb4XRDtjrDagBcCOHDnX5yo7Va7.ZQ5.MfZdfREmfoMVs/a','pf5gdmHcgEURGsG7jrdkFmR7s','lIsHJzTu6PUP80kfKXBfdmZhcvlKiVTQa2qezQ4f0E8VhVzPrtvHnfMb9rfZ','2017-05-02 08:01:02','2017-05-02 08:01:02',NULL,'EAAE5i5JiiGQBAMY0yMYdZBnoGAYfVsuZAHZBXVKiFPxA0O4kZC5pJQu4cVieEmwaR1XLP119KFuknlb3ZAMSBEI52nn1hKG7WhksZCZBYbG2yPr1ZC1oW38P7h8WKTBd9juA6afzAm7xqkMsG1h8TdeKi6J5DGjtZCkFZCCfE9BGRc6Ip2LCVhaKLeC1IMXTiPwU8h4JZAmkZCDaWLZBMooEFnlFm'),(50,'',NULL,'timfaust@infiniteknight.com',NULL,NULL,NULL,NULL,NULL,NULL,NULL,NULL,NULL,NULL,NULL,NULL,NULL,5,'$2y$10$1YMCa6K4UqbsDc4F8kgHw.L/mD6eyQqG6FQnesrq3.RKdXLY8pw2G','2VfJETFQYV6yZHcZAJvQ9Cvko','OQVNgjhxkp4IP7kuxPp9hCA1YhBhOGF5QVTtGcPpuBcmm7HMLv7LDdlmxcpt','2017-05-02 08:02:21','2017-05-02 08:02:21',NULL,'EAAE5i5JiiGQBAJsyqjeiJY1ldZAI2H40u5XmFtMgGvBvMzWk4w9oMRz7CCCyUAUtrZApZB7FpApPMIY76g7uacORCYfdm7rvYA8xXD1msBTXykMrdcdCjNFvo297YMmZAIT9sQk0EbtaROwAWSjROBy8BHlKdOdpjlJY29ftdOagTs0ufZBRchaDuNfZCdHM12EFpoT0Y32AZDZD'),(51,'',NULL,'lanaerivers@hotmail.com',NULL,NULL,NULL,NULL,NULL,NULL,NULL,NULL,NULL,NULL,NULL,NULL,NULL,5,'$2y$10$gpURMPUVNjV6ZCQgRWjBMOGbpxi07mjWPc88cOa8a54IYs4IbxPnq','Gd1Su2oorTFVkQ6owenwxAtRN','Ol5dH0RBgqYCS1hhTZlYFiqvl7CDMHKnDs2Vh2dUz0EG1rhbFA9rfB5TDL6w','2017-05-14 10:39:32','2017-05-14 10:39:32',NULL,'EAAE5i5JiiGQBALTvXCe917ccJ1EkB8CIIfkH8QDkDSiqsw9ZBq0Fn84Mm60x4PLoNVZCtD55VKBhTod5xTRYIJi50fO7DJCwcfO0dLmIfh6IhBoGs44AsEcluQWRIUZCQzZBFq9LcZCNYB0lUMclpz8mXeotTgFZBg8cdIT1D14JejiSfigAvs8VDdmGb2PZAlxijaH1I9ZAN6Q59QwV1mAU5TMjxWFfhdwZD'),(52,'',NULL,'egiingol@hotmail.com',NULL,NULL,NULL,NULL,NULL,NULL,NULL,NULL,NULL,NULL,NULL,NULL,NULL,5,'$2y$10$J.eLx31d.9ERu3zZMk.LH.sKFm1Tas.yo8s9.xMgO/UjSWYGGOiGO','GgMVPrEPmKbX5ZvsEQtt6bBKH','nKMNCFH5RgI5H5FLYMftq8XGr3m3FBX6A9DsQ34bv0MJCeZDF0ihHujS47OY','2017-05-14 10:42:21','2017-05-14 10:42:21',NULL,'EAAE5i5JiiGQBADd5V9vLczzOgRzyNvZAotzc8hn4ytXoVe3xLE9fnpZCMPEkiu9x2i5sXDlLow0HnthRuGcTu8EipBhXRfj36wGj1L1TUIf0Wt4zrc2X8jb9POpDuP4LewkEfDi4JyICPnn3axjp2GE3fsjD0yZCgTOjFEUm0luNwZCuZA88iZBJliwN7Vlk8L6qfPk6LPrgZDZD'),(53,'',NULL,'endang_catur@yahoo.com',NULL,NULL,NULL,NULL,NULL,NULL,NULL,NULL,NULL,NULL,NULL,NULL,NULL,5,'$2y$10$NYb7xn/R1R4nkQ.yAUTWWOVNu73yUmrcjyuYiJXWM7Qxh0r8WpjdC','Os5kUJaodgAP1hdQBzPRB5UAa','EEDhIOw3kuaifRNioKYVlYorrZ7e9snJy1Y4WcMhwhiyjKw8sKx7G0oDwt56','2017-05-14 20:54:02','2017-05-14 20:54:02',NULL,'EAAE5i5JiiGQBAJZCHNDRYGqgsiEDd4SSJSOi0EtwjTk1svl3IkFGzFPnXUYsHUOYQVpM9I7ZCEIAjd8dBXnYrGPZCZCmh8BXLVJTCAXYioynY0wfzY9tlmZCWMrSMn4vA00S7iKYMPaAGZBxfVy1MfQgKegUmdSh3fPUPMTWLQyec0JzuTrEJGwdzYdZAFzn7Chq3nesQE4zgZDZD');
/*!40000 ALTER TABLE `users` ENABLE KEYS */;
UNLOCK TABLES;

--
-- Table structure for table `wishlists`
--

DROP TABLE IF EXISTS `wishlists`;
/*!40101 SET @saved_cs_client     = @@character_set_client */;
/*!40101 SET character_set_client = utf8 */;
CREATE TABLE `wishlists` (
  `id` int(10) unsigned NOT NULL AUTO_INCREMENT,
  `user_id` int(11) NOT NULL,
  `ad_id` int(11) NOT NULL,
  `status` tinyint(4) DEFAULT NULL,
  `deleted_at` timestamp NULL DEFAULT NULL,
  `created_at` timestamp NOT NULL DEFAULT '0000-00-00 00:00:00',
  `updated_at` timestamp NOT NULL DEFAULT '0000-00-00 00:00:00',
  PRIMARY KEY (`id`)
) ENGINE=InnoDB AUTO_INCREMENT=4 DEFAULT CHARSET=utf8 COLLATE=utf8_unicode_ci;
/*!40101 SET character_set_client = @saved_cs_client */;

--
-- Dumping data for table `wishlists`
--

LOCK TABLES `wishlists` WRITE;
/*!40000 ALTER TABLE `wishlists` DISABLE KEYS */;
INSERT INTO `wishlists` VALUES (1,6,4,1,NULL,'2016-08-12 07:55:43','2016-08-12 07:55:43'),(2,5,5,1,NULL,'2016-09-17 08:33:45','2016-09-17 08:33:45'),(3,4,47,1,NULL,'2016-10-20 22:22:11','2016-10-20 22:22:11');
/*!40000 ALTER TABLE `wishlists` ENABLE KEYS */;
UNLOCK TABLES;
/*!40103 SET TIME_ZONE=@OLD_TIME_ZONE */;

/*!40101 SET SQL_MODE=@OLD_SQL_MODE */;
/*!40014 SET FOREIGN_KEY_CHECKS=@OLD_FOREIGN_KEY_CHECKS */;
/*!40014 SET UNIQUE_CHECKS=@OLD_UNIQUE_CHECKS */;
/*!40101 SET CHARACTER_SET_CLIENT=@OLD_CHARACTER_SET_CLIENT */;
/*!40101 SET CHARACTER_SET_RESULTS=@OLD_CHARACTER_SET_RESULTS */;
/*!40101 SET COLLATION_CONNECTION=@OLD_COLLATION_CONNECTION */;
/*!40111 SET SQL_NOTES=@OLD_SQL_NOTES */;

-- Dump completed on 2017-05-21  6:45:17
